Id,Cn,Tc,En
1,上传积分失败,上傳積分失敗,LeafCard
2,获取排行榜失败,獲取排行榜失敗,
3,登录失败,登錄失敗,
4,上传头像失败,上傳頭像失敗,
5,上传名字失败,上傳名字失敗,
6,挑战,挑戰,
7,召唤,召喚,
8,排行榜,排行榜,
9,图鉴,圖鑒,
10,明牌挑战,明牌挑戰,
11,暗牌挑战,暗牌挑戰,
12,召唤一次,召喚一次,
13,召唤十次,召喚十次,
14,详情,詳情,
15,卡池详情,卡池詳情,
16,已获得,已獲得,
17,十连抽有一定概率获得以下一个英灵,十連抽有一定概率獲得以下一個英靈,
18,确定,確定,
19,神兵将显示在新卡面上，每张卡牌都有四个专属神兵，神兵召唤不会重复,神兵將顯示在新卡面上，每張卡牌都有四個專屬神兵，神兵召喚不會重複,
20,周排行榜,周排行榜,
21,排名区间,排名區間,
22,金币奖励,金幣獎勵,
23,元宝奖励,元寶獎勵,
24,每次召唤必定获得以下一个头像,每次召喚必定獲得以下一個頭像,
25,英灵,英靈,
26,卡面,卡面,
27,未获得,未獲得,
28,列传,列傳,
29,卡面尚未解锁,卡面尚未解鎖,
30,统计,統計,
31,头像,頭像,
32,成就,成就,
33,明牌场次,明牌場次,
34,明牌胜率,明牌勝率,
35,暗牌场次,暗牌場次,
36,暗牌胜率,暗牌勝率,
37,拥有头像,擁有頭像,
38,拥有英灵,擁有英靈,
39,完成成就,完成成就,
40,成就点数,成就點數,
41,无尽场次,無盡場次,
42,最高层数,最高層數,
43,收集成就,收集成就,
44,挑战成就,挑戰成就,
45,其他成就,其他成就,
46,出牌记录,出牌記錄,
47,选项卡,選項卡,
48,认输,認輸,
49,我方,我方,
50,VS,VS,
51,敌方,敵方,
52,现在还不能出牌,現在還不能出牌,
53,四倍金币,四倍金幣,
54,双倍金币,雙倍金幣,
55,再次挑战,再次挑戰,
56,返回主菜单,返回主菜單,
57,取消,取消,
58,广告尚未准备就绪,廣告尚未準備就緒,
59,您确定要认输吗,您確定要認輸嗎,
60,每日前3次观看奖励超级加倍!,每日前3次觀看獎勵超級加倍!,
61,排行榜刷新时间:,排行榜刷新時間:,
62,正在维护中,正在維護中,
63,金币达到上限,金幣達到上限,
64,元宝达到上限,元寶達到上限,
65,奖励来自,獎勵來自,
66,升级,升級,
67,成就,成就,
68,排行榜第{0}名,排行榜第{0}名,
69,观看广告,观看广告,
70,未领取,未領取,
71,已解锁！,已解鎖！,
72,名字太短了!,名字太短了!,
73,名字太长了!,名字太長了!,
74,名字不可用,名字不可用,
75,请输入你的昵称,請輸入你的昵稱,
76,你的昵称(3-8个字符),你的昵稱(3-8個字符),
77,昵称包含非法字符！,昵稱包含非法字符！,
78,未上榜,未上榜,
79,弃牌堆,棄牌堆,
80,账号已被封禁，详情请咨询工作人员,賬號已被封禁，詳情請諮詢工作人員,
81,当前观看广告可获得{0}金币,當前觀看廣告可獲得{0}金幣,
82,观看广告,觀看廣告,
83,无尽挑战,無盡挑戰,
84,当前层数：,當前層數：,
85,复活,復活,
86,前往下一层,前往下一層,
87,重新挑战本层,重新挑戰本層,
88,结束挑战,結束挑戰,
1001,又称步夫人，临淮淮阴人，与丞相步骘同族，吴大帝孙权的宠妃。在孙权众嫔妃中最受孙权宠爱，生有二女：即全公主和朱公主。238年，步练师去世，追赠皇后之位，葬于蒋陵。,又稱步夫人，臨淮淮陰人，與丞相步骘同族，吳大帝孫權的寵妃。在孫權衆嫔妃中最受孫權寵愛，生有二女：即全公主和朱公主。238年，步練師去世，追贈皇後之位，葬于蔣陵。,
1002,"字文姬，又字昭姬。陈留郡圉县人，东汉大文学家蔡邕的女儿。“文姬归汉”的故事却在历朝历代被广为流传。初嫁于卫仲道，丈夫死去而回到自己家里，后值因匈奴入侵，蔡琰被匈奴左贤王掳走，嫁给匈奴人，并生育了两个儿子。
十二年后，曹操统一北方，用重金将蔡琰赎回，并将其嫁给董祀。擅长文学、音乐、书法。现在能看到的蔡文姬作品只有《悲愤诗》二首和古乐府琴曲歌辞传世名曲《胡笳十八拍》。
","字文姬，又字昭姬。陳留郡圉縣人，東漢大文學家蔡邕的女兒。“文姬歸漢”的故事卻在曆朝曆代被廣爲流傳。初嫁于衛仲道，丈夫死去而回到自己家裏，後值因匈奴入侵，蔡琰被匈奴左賢王擄走，嫁給匈奴人，並生育了兩個兒子。
十二年後，曹操統一北方，用重金將蔡琰贖回，並將其嫁給董祀。擅長文學、音樂、書法。現在能看到的蔡文姬作品只有《悲憤詩》二首和古樂府琴曲歌辭傳世名曲《胡笳十八拍》。",
1003,"三国历史上最著名的枭雄，经典的戏剧角色。千古传颂、家喻户晓的历史人物。字孟德，小字阿瞒，沛国谯县人。东汉末年杰出的政治家、军事家、文学家、书法家，三国中曹魏政权的奠基人。曹操在世时官至汉丞相，爵至魏王；去世后，谥号武王。其子曹丕称帝后，追尊其为武皇帝，庙号太祖。
",三國曆史上最著名的枭雄，經典的戲劇角色。千古傳頌、家喻戶曉的曆史人物。字孟德，小字阿瞞，沛國谯縣人。東漢末年傑出的政治家、軍事家、文學家、書法家，三國中曹魏政權的奠基人。曹操在世時官至漢丞相，爵至魏王；去世後，谥號武王。其子曹丕稱帝後，追尊其爲武皇帝，廟號太祖。,
1004,"字子桓。豫州沛国谯人。三国时期著名的政治家、文学家，曹魏开国皇帝。魏武帝曹操与卞夫人的长子。丕文武双全，八岁能提笔为文，善骑射，好击剑，博览古今经传，通晓诸子百家学说。
217年，被立为魏王世子。220年篡汉受禅登基，建立魏国。在位期间，平定边患。击退鲜卑，和其他等外夷修好，恢复在西域的建置。除军政以外，丕自幼好文学，于诗、赋、文学皆有成就。226年，丕病逝于洛阳，时年四十岁。谥号文皇帝，庙号高祖。
","字子桓。豫州沛国谯人。三国时期著名的政治家、文学家，曹魏开国皇帝。魏武帝曹操与卞夫人的长子。丕文武双全，八岁能提笔为文，善骑射，好击剑，博览古今经传，通晓诸子百家学说。
217年，被立为魏王世子。220年篡汉受禅登基，建立魏国。在位期间，平定边患。击退鲜卑，和其他等外夷修好，恢复在西域的建置。除军政以外，丕自幼好文学，于诗、赋、文学皆有成就。226年，丕病逝于洛阳，时年四十岁。谥号文皇帝，庙号高祖。",
1005,"字子文。三国时期曹魏宗室、将领，曹操与卞皇后所生第二子、曹丕之弟、曹植之兄。被曹操称为“黄须儿”。曹彰武艺过人，曹操问诸子志向时自言“好为将”，因此得到曹操的赞赏。其胡须黄色，被曹操称为“黄须儿”。弱冠前喜搏猛虎，臂力过人、不善文章。
218年，率军征讨乌桓，又降服辽东鲜卑大人轲比能。曹丕即位后，曹彰与诸侯就国。221年进爵为公。次年被封为任城王。223年，曹彰到洛阳朝见，因病逝于府邸。死后谥号为“威”。
","字子文。三國時期曹魏宗室、將領，曹操與卞皇後所生第二子、曹丕之弟、曹植之兄。被曹操稱爲“黃須兒”。曹彰武藝過人，曹操問諸子志向時自言“好爲將”，因此得到曹操的贊賞。其胡須黃色，被曹操稱爲“黃須兒”。弱冠前喜搏猛虎，臂力過人、不善文章。
218年，率軍征討烏桓，又降服遼東鮮卑大人轲比能。曹丕即位後，曹彰與諸侯就國。221年進爵爲公。次年被封爲任城王。223年，曹彰到洛陽朝見，因病逝于府邸。死後谥號爲“威”。",
1006,"字长文。颍川许昌人。东汉太丘长陈寔之孙、大鸿胪陈纪之子。三国时期著名政治家、早年为刘备手下，后转投曹操，成为曹魏重臣。以创立九品中正制闻名于世。
曹操主徐州，被辟为司空西曹掾属。曹操封魏公，任御史中丞。后拜吏部尚书，封昌武亭侯。曹丕驾崩后，陈群受诏辅政。曹叡即位，任司空、录尚书事，累封颍阴侯。
237年2月病逝，谥号“靖”。陈群历仕曹操、曹丕、曹叡三代，以其突出的治世之才，竭忠尽职，为曹魏政权的礼制及其政治制度的建设有突出贡献，是魏晋南北朝选官制度“九品中正制”和曹魏律法《魏律》的主要创始人。

","字長文。颍川許昌人。東漢太丘長陳寔之孫、大鴻胪陳紀之子。三國時期著名政治家、早年爲劉備手下，後轉投曹操，成爲曹魏重臣。以創立九品中正制聞名于世。
曹操主徐州，被辟爲司空西曹掾屬。曹操封魏公，任禦史中丞。後拜吏部尚書，封昌武亭侯。曹丕駕崩後，陳群受诏輔政。曹叡即位，任司空、錄尚書事，累封颍陰侯。
237年2月病逝，谥號“靖”。陳群曆仕曹操、曹丕、曹叡三代，以其突出的治世之才，竭忠盡職，爲曹魏政權的禮制及其政治制度的建設有突出貢獻，是魏晉南北朝選官制度“九品中正制”和曹魏律法《魏律》的主要創始人。",
1007,"字德谋，右北平土垠人。早年就投奔孙坚。东吴三朝元老。东吴名将，他曾跟随孙坚讨伐过黄巾、董卓，斩华雄、破吕布，又助孙策平定江东。孙策死后，他与张昭等人共同辅佐孙权。赤壁之战与周瑜分任左右都督打败曹操，之后大破曹仁于南郡。程普在东吴诸将中年岁最长，被人们尊称为“程公”。
",字德謀，右北平土垠人。早年就投奔孫堅。東吳三朝元老。東吳名將，他曾跟隨孫堅討伐過黃巾、董卓，斬華雄、破呂布，又助孫策平定江東。孫策死後，他與張昭等人共同輔佐孫權。赤壁之戰與周瑜分任左右都督打敗曹操，之後大破曹仁于南郡。程普在東吳諸將中年歲最長，被人們尊稱爲“程公”。,
1008,"字仲德，兖州东郡东阿人，东汉后期至三国时期曹魏谋士、名臣。本名程立，因梦中在泰山捧日，更名程昱。曹操的参谋，经荀彧的推举出仕曹操，于仓亭之战用计大胜袁绍军。人脯代粮事件是其一生污点和毕生位不至三公的重要原因。
192年，被曹操征辟为寿张令。曹操征徐州时，程昱与荀彧留守后方，阻吕布、陈宫大军，保住三城，因功受封为东平相。曹操将汉献帝迁往许都后，任命程昱为尚书，后又为东中郎将。讨平袁谭、袁尚后，封安国亭侯。
220年，曹丕代汉称帝，拜程昱为卫尉，进封安乡侯。同年逝世。
","字仲德，兖州東郡東阿人，東漢後期至三國時期曹魏謀士、名臣。本名程立，因夢中在泰山捧日，更名程昱。曹操的參謀，經荀彧的推舉出仕曹操，于倉亭之戰用計大勝袁紹軍。人脯代糧事件是其一生汙點和畢生位不至三公的重要原因。
192年，被曹操征辟爲壽張令。曹操征徐州時，程昱與荀彧留守後方，阻呂布、陳宮大軍，保住三城，因功受封爲東平相。曹操將漢獻帝遷往許都後，任命程昱爲尚書，後又爲東中郎將。討平袁譚、袁尚後，封安國亭侯。
220年，曹丕代漢稱帝，拜程昱爲衛尉，進封安鄉侯。同年逝世。",
1009,"江东乔国老有二女，大乔和小乔。大乔有沉鱼落雁之资，倾国倾城之容。孙策征讨江东，攻取皖城，娶大乔为妻。自古美女配英雄，伯符大乔堪绝配。曹操赤壁鏖兵，虎视江东，曾有揽二乔娱暮年，还足平生之愿。
",江東喬國老有二女，大喬和小喬。大喬有沈魚落雁之資，傾國傾城之容。孫策征討江東，攻取皖城，娶大喬爲妻。自古美女配英雄，伯符大喬堪絕配。曹操赤壁鏖兵，虎視江東，曾有攬二喬娛暮年，還足平生之願。,
1010,"字士载，义阳棘阳人。三国时期魏国杰出的军事家、将领。其人文武全才，深谙兵法，对内政，尤其是水利方面颇有建树。以偷渡阴平奇袭江油名垂青史。
早年从政期间，在东南地区屯田，在农田水利方面有卓越的贡献，使得淮水流域的水利和军屯建设得到飞速的发展。后来又邓艾出任参征西军事，多年在曹魏西边战线防备蜀汉姜维。
263年，他与钟会分别率军攻打蜀汉，最后他率先进入成都，使得蜀汉灭亡。后因遭到钟会的污蔑和陷害，被司马昭猜忌而被收押，最后与其子邓忠一起被卫瓘派遣的武将田续所杀害。","字士載，義陽棘陽人。三國時期魏國傑出的軍事家、將領。其人文武全才，深谙兵法，對內政，尤其是水利方面頗有建樹。以偷渡陰平奇襲江油名垂青史。
早年從政期間，在東南地區屯田，在農田水利方面有卓越的貢獻，使得淮水流域的水利和軍屯建設得到飛速的發展。後來又鄧艾出任參征西軍事，多年在曹魏西邊戰線防備蜀漢姜維。
263年，他與鍾會分別率軍攻打蜀漢，最後他率先進入成都，使得蜀漢滅亡。後因遭到鍾會的汙蔑和陷害，被司馬昭猜忌而被收押，最後與其子鄧忠一起被衛瓘派遣的武將田續所殺害。",
1011,"陈留己吾人。东汉末年曹操部将，相貌魁梧，膂力过人。有【古之恶来】之称！本属张邈，后归曹操。曹操征讨吕布时被募为陷阵，表现英勇，被拜为校尉，宿卫曹操。197年，张绣背叛曹操，典韦为保护曹操而独挡叛军，击杀多人，但最终因寡不敌众而战死。
",陳留己吾人。東漢末年曹操部將，相貌魁梧，膂力過人。有【古之惡來】之稱！本屬張邈，後歸曹操。曹操征討呂布時被募爲陷陣，表現英勇，被拜爲校尉，宿衛曹操。197年，張繡背叛曹操，典韋爲保護曹操而獨擋叛軍，擊殺多人，但最終因寡不敵衆而戰死。,
1012,"生于河南洛阳，被誉为中国古代四大美女之一。
在民间传说中她原名任红昌，她为了报答义父王允的养育之恩而甘愿献身完成连环计的故事在民间广为流传。在《三国演义》之中，董卓祸乱朝纲，残忍暴戾，滥杀无辜，百姓深受其害。而群臣皆岌岌自危，即便枭雄曹操亦是行刺失败而亡命天涯。
由于貂蝉的出现，才有了王司徒巧施连环计的佳话，才有了吕奉先大闹凤仪亭的风波，才有了凶横无忌权倾一时的董卓宫门前的被戮，才有了武功盖世吕布的白门楼上的殒命。
","生于河南洛陽，被譽爲中國古代四大美女之一。
在民間傳說中她原名任紅昌，她爲了報答義父王允的養育之恩而甘願獻身完成連環計的故事在民間廣爲流傳。
在《三國演義》之中，董卓禍亂朝綱，殘忍暴戾，濫殺無辜，百姓深受其害。而群臣皆岌岌自危，即便枭雄曹操亦是行刺失敗而亡命天涯。由于貂蟬的出現，才有了王司徒巧施連環計的佳話，才有了呂奉先大鬧鳳儀亭的風波，才有了凶橫無忌權傾一時的董卓宮門前的被戮，才有了武功蓋世呂布的白門樓上的殒命。",
1013,"字仲颖，陇西临洮人。东汉末年献帝时权臣，官至太师，封郿侯。是三国时期最残暴凶残的枭雄！成长于凉州，好结交羌人。后随张奂平羌乱，又平定黄巾之乱、凉州之乱等战役，颇着威名。
189年，受大将军何进所召，率军进京讨伐十常侍，借机得以掌握朝政。他随后废除汉少帝，毒杀太后，改立献帝，掌握朝政大权，飞扬跋扈，放纵士兵在城内烧杀抢掠，肆意妄为。次年，袁绍联合关东各地刺史、太守起兵讨伐董卓。191年，董卓被孙坚击败，退守长安。192年，王允用连环计，离间董卓和吕布，卓为其亲信吕布所杀。","字仲穎，隴西臨洮人。東漢末年獻帝時權臣，官至太師，封郿侯。是三國時期最殘暴凶殘的枭雄。成長于涼州，好結交羌人。後隨張奂平羌亂，又平定黃巾之亂、涼州之亂等戰役，頗著威名。
189年，受大將軍何進所召，率軍進京討伐十常侍，借機得以掌握朝政。他隨後廢除漢少帝，毒殺太後，改立獻帝，掌握朝政大權，飛揚跋扈，放縱士兵在城內燒殺搶掠，肆意妄爲。次年，袁紹聯合關東各地刺史、太守起兵討伐董卓。191年，董卓被孫堅擊敗，退守長安。192年，王允用連環計，離間董卓和呂布，卓爲其親信呂布所殺。",
1014,"字孝直。扶风郿人。东汉末年刘备帐下谋士，名士法真之孙。是刘备时代唯一一位有谥号的大臣。法正善于奇谋，被陈寿称赞为可比曹操帐下的程昱和郭嘉。
原为刘璋部下，刘备围成都时劝说刘璋投降，而后又与刘备进取汉中，定军山一战中，献计将曹操大将夏侯渊斩首。法正善奇谋，深受刘备信任和敬重。
219年，刘备进位汉中王，封法正为尚书令、护军将军。次年，法正去世，终年四十五岁。法正之死令刘备十分感伤，连哭数日。被追谥为翼侯。","字孝直。扶風郿人。東漢末年劉備帳下謀士，名士法真之孫。是劉備時代唯一一位有谥號的大臣。法正善于奇謀，被陳壽稱贊爲可比曹操帳下的程昱和郭嘉。
原爲劉璋部下，劉備圍成都時勸說劉璋投降，而後又與劉備進取漢中，定軍山一戰中，獻計將曹操大將夏侯淵斬首。法正善奇謀，深受劉備信任和敬重。
219年，劉備進位漢中王，封法正爲尚書令、護軍將軍。次年，法正去世，終年四十五歲。法正之死令劉備十分感傷，連哭數日。被追谥爲翼侯。",
1015,"字兴霸，巴郡临江人，少时在长江上抢夺船只财物，人称锦帆贼，后为三国时期孙吴名将，官至西陵太守，折冲将军。留有“百骑劫曹营”的典故千古传唱。少年时好游侠，组成渠师抢夺船只财物，人称锦帆贼。
后任蜀郡丞，后历仕于刘表和黄祖麾下，208年投奔孙权。先后随孙权破黄祖据楚关，随周瑜攻曹仁取夷陵，随鲁肃镇益阳拒关羽，守西陵、擒朱光，率百余人夜袭曹营，战功赫赫。220年甘宁去世。他为人仗义疏财，深得士卒拥戴，被陈寿盛赞为“江表之虎臣”。
","字興霸，巴郡臨江人，少時在長江上搶奪船只財物，人稱錦帆賊，後爲三國時期孫吳名將，官至西陵太守，折衝將軍。留有“百騎劫曹營”的典故千古傳唱！少年時好遊俠，組成渠師搶奪船只財物，人稱錦帆賊。
後任蜀郡丞，後曆仕于劉表和黃祖麾下，208年投奔孫權。先後隨孫權破黃祖據楚關，隨周瑜攻曹仁取夷陵，隨魯肅鎮益陽拒關羽，守西陵、擒朱光，率百余人夜襲曹營，戰功赫赫。220年甘甯去世。他爲人仗義疏財，深得士卒擁戴，被陳壽盛贊爲“江表之虎臣”。",
1016,"东汉末年吕布帐下中郎将。以统领三国时期最强步兵的“陷阵营”闻名于世。顺为人清白有威严，不好饮酒，随吕布征战四方，直属部下七百余人，铠甲兵器都精练齐整，攻无不克战无不胜，有为“陷阵营”之美誉。
196年六月夜半时，吕布的部将郝萌叛乱，高顺率部到下邳平叛，弓弩齐发射杀郝萌的部曲，天亮还营。曹性斩断郝萌一臂，高顺乘势斩下郝萌的首级。198年，曹操亲征吕布，包围下邳城，城破，和吕布、陈宫一起被斩首。","東漢末年呂布帳下中郎將。以統領三國時期最強步兵的“陷陣營”聞名于世。順爲人清白有威嚴，不好飲酒，隨呂布征戰四方，直屬部下七百余人，铠甲兵器都精練齊整，攻無不克戰無不勝，有爲“陷陣營”之美譽。
196年六月夜半時，呂布的部將郝萌叛亂，高順率部到下邳平叛，弓弩齊發射殺郝萌的部曲，天亮還營。曹性斬斷郝萌一臂，高順乘勢斬下郝萌的首級。198年，曹操親征呂布，包圍下邳城，城破，和呂布、陳宮一起被斬首。",
1017,"字伯珪，辽西令支人，东汉末年武将、军阀，汉末群雄之一。有白马将军的美名。公孙瓒出身贵族。相貌俊美，且声音洪亮、机智善辩，得到涿郡太守赏识，将女儿许配给他。后逐步做到中郎将，以强硬的态度对抗北方游牧民族，作战勇猛，威震边疆。公孙瓒好战，与主张以怀柔政策的上司刘虞不和，二人矛盾逐渐激化。
193年，公孙瓒击杀刘虞，并挟持朝廷使者，得到了总督北方四州的授权，成为北方最强大的诸侯之一。他与袁绍多次相争，初期占据优势，但在龙凑之战后，公孙瓒锐气顿减，采取自保战略，逐渐失去了部下信任，被袁绍击败。最终困于高楼，引火自焚。","字伯珪，遼西令支人，東漢末年武將、軍閥，漢末群雄之一。有白馬將軍的美名。公孫瓒出身貴族。相貌俊美，且聲音洪亮、機智善辯，得到涿郡太守賞識，將女兒許配給他。後逐步做到中郎將，以強硬的態度對抗北方遊牧民族，作戰勇猛，威震邊疆。公孫瓒好戰，與主張以懷柔政策的上司劉虞不和，二人矛盾逐漸激化。
193年，公孫瓒擊殺劉虞，並挾持朝廷使者，得到了總督北方四州的授權，成爲北方最強大的諸侯之一。他與袁紹多次相爭，初期占據優勢，但在龍湊之戰後，公孫瓒銳氣頓減，采取自保戰略，逐漸失去了部下信任，被袁紹擊敗。最終困于高樓，引火自焚。",
1018,据史书记载，孙权曾经派使者向关羽请求通婚，希望关羽能将女儿嫁给孙权的儿子，但关羽却对使者大加辱骂，因而惹得孙权大怒。即是关羽的女儿。民间传说被称为关银屏，通称关三小姐。在传说中，关银屏后来嫁与李恢之子。,據史書記載，孫權曾經派使者向關羽請求通婚，希望關羽能將女兒嫁給孫權的兒子，但關羽卻對使者大加辱罵，因而惹得孫權大怒。即是關羽的女兒。民間傳說被稱爲關銀屏，通稱關三小姐。在傳說中，關銀屏後來嫁與李恢之子。,
1019,"关羽之子，关羽率军攻打樊城时，孙权借机征讨荆州。关平与其父一同被擒，最后被斩于临沮县。
《三国志·蜀书·关羽传》：“权遣将逆击羽，斩羽及子平于临沮。……追谥羽曰壮缪侯。”裴松之注引《蜀记》：“羽初出军围樊，梦猪啮其足，语子平曰：'吾今年衰矣，然不得还！’”
","關羽之子，關羽率軍攻打樊城時，孫權借機征討荊州。關平與其父一同被擒，最後被斬于臨沮縣。
《三國志·蜀書·關羽傳》：“權遣將逆擊羽，斬羽及子平于臨沮。……追谥羽曰壯缪侯。”裴松之注引《蜀記》：“羽初出軍圍樊，夢豬齧其足，語子平曰：'吾今年衰矣，然不得還！’”",
1020,"本字长生，后改字云长，河东郡解县人，东汉末年名将，堪称万人敌。去世后，被神化，被民间尊为“关公”。历代朝廷多有褒封，因忠义而被崇为“武圣”，与“文圣”孔子齐名。
早期跟随刘备辗转各地，曾被曹操生擒，于白马坡斩杀袁绍大将颜良，与张飞一同被称为万人敌。赤壁之战后，刘备助东吴周瑜攻打南郡曹仁，别遣关羽绝北道，阻挡曹操援军，曹仁退走后，关羽被刘备任命为襄阳太守。刘备入益州，关羽留守荆州。建安二十四年，关羽围襄樊，曹操派于禁前来增援，关羽用计，水淹七军，擒获于禁，斩杀庞德，威震华夏，曹操曾想迁都以避其锐。后曹操派徐晃前来增援，东吴吕蒙又偷袭荆州，关羽腹背受敌，兵败被杀。","本字長生，後改字雲長，河東郡解縣人，東漢末年名將，堪稱萬人敵。去世後，被神化，被民間尊爲“關公”。曆代朝廷多有褒封，因忠義而被崇爲“武聖”，與“文聖”孔子齊名。
早期跟隨劉備輾轉各地，曾被曹操生擒，于白馬坡斬殺袁紹大將顔良，與張飛一同被稱爲萬人敵。赤壁之戰後，劉備助東吳周瑜攻打南郡曹仁，別遣關羽絕北道，阻擋曹操援軍，曹仁退走後，關羽被劉備任命爲襄陽太守。劉備入益州，關羽留守荊州。建安二十四年，關羽圍襄樊，曹操派于禁前來增援，關羽用計，水淹七軍，擒獲于禁，斬殺龐德，威震華夏，曹操曾想遷都以避其銳。後曹操派徐晃前來增援，東吳呂蒙又偷襲荊州，關羽腹背受敵，兵敗被殺。",
1021,"奉孝，颍川阳翟人。东汉末年曹操帐下著名谋士。三国时期著名的兵法家、战略家。史书上称他“才策谋略，世之奇士”。曹操称赞他见识过人，是自己的“奇佐”。
郭嘉早期投袁绍，见绍好谋少决，无察识贤能之才，便离开绍。后受荀彧举荐，投奔曹操。绍送信羞辱曹操，郭嘉提出十胜十败论，鼓舞了曹操；又分析时局，认为先扫平吕布，再谋取天下。郭嘉对刘备不能放虎归山。
官渡对峙时，孙策有袭击许昌之意，但是郭嘉分析认定孙策必为小人所害，稳定了曹操的信心。袁绍死后，建议曹操暂时退兵，让袁绍二子相残，追袭袁熙、袁尚余党时劝曹操兵贵神速，直指受袁氏之恩的乌丸大本营柳城，终破三郡乌丸并让他们臣服。可惜因水土不服，操劳过度而病死。","奉孝，颍川陽翟人。東漢末年曹操帳下著名謀士。三國時期著名的兵法家、戰略家。史書上稱他“才策謀略，世之奇士”。曹操稱贊他見識過人，是自己的“奇佐”。
郭嘉早期投袁紹，見紹好謀少決，無察識賢能之才，便離開紹。後受荀彧舉薦，投奔曹操。紹送信羞辱曹操，郭嘉提出十勝十敗論，鼓舞了曹操；又分析時局，認爲先掃平呂布，再謀取天下。郭嘉對劉備不能放虎歸山。
官渡對峙時，孫策有襲擊許昌之意，但是郭嘉分析認定孫策必爲小人所害，穩定了曹操的信心。袁紹死後，建議曹操暫時退兵，讓袁紹二子相殘，追襲袁熙、袁尚余黨時勸曹操兵貴神速，直指受袁氏之恩的烏丸大本營柳城，終破三郡烏丸並讓他們臣服。可惜因水土不服，操勞過度而病死。",
1022,文德皇后郭氏，字女王，安平广宗人。东汉末年南郡太守郭永的女儿，三国曹魏开国皇帝曹丕的皇后。武帝为魏公时，入文帝东宫。220年，文帝即王位，封为夫人，同年魏受禅，进为贵嫔。222年，册立为皇后。226年文帝驾崩，平原王曹叡继位，尊为皇太后。235年春，在许昌逝世，葬于洛阳首阳陵，谥号“文德皇后”。,文德皇後郭氏，字女王，安平廣宗人。東漢末年南郡太守郭永的女兒，三國曹魏開國皇帝曹丕的皇後。武帝爲魏公時，入文帝東宮。220年，文帝即王位，封爲夫人，同年魏受禅，進爲貴嫔。222年，冊立爲皇後。226年文帝駕崩，平原王曹叡繼位，尊爲皇太後。235年春，在許昌逝世，葬于洛陽首陽陵，谥號“文德皇後”。,
1023,"字义公。辽西令支人，三国时期吴国将领。韩当因为擅长弓箭、骑术并且膂力过人。历仕孙坚、孙策、孙权三代，随从其征伐四方，功勋卓著，被陈寿盛赞为“江表之虎臣”。
早年跟随孙坚，四处征战，屡建战功。孙策东渡长江，韩当跟随孙策征讨丹阳、吴、会稽三郡，征刘勋，破黄祖，讨鄱阳贼寇，山越畏惧。赤壁之战，韩当作为中郎将和周瑜等击破曹操。张辽征讨陈兰的时候，韩当遣兵与臧霸在逢龙交战，后来在夹石被臧霸击破。韩当与吕蒙袭取南郡，随后被任命永昌太守。宜都之役中，与陆逊、朱然等在涿乡攻打蜀军，并且大破之。被封为都亭侯。后又封石城侯。率领敢死兵和解烦兵一万人，征讨丹阳贼寇，击破之。
226年病卒，子韩综承袭侯爵，领其军队。
","字義公。遼西令支人，三國時期吳國將領。韓當因爲擅長弓箭、騎術並且膂力過人。曆仕孫堅、孫策、孫權三代，隨從其征伐四方，功勳卓著，被陳壽盛贊爲“江表之虎臣”。
早年跟隨孫堅，四處征戰，屢建戰功。孫策東渡長江，韓當跟隨孫策征討丹陽、吳、會稽三郡，征劉勳，破黃祖，討鄱陽賊寇，山越畏懼。赤壁之戰，韓當作爲中郎將和周瑜等擊破曹操。張遼征討陳蘭的時候，韓當遣兵與臧霸在逢龍交戰，後來在夾石被臧霸擊破。韓當與呂蒙襲取南郡，隨後被任命永昌太守。宜都之役中，與陸遜、朱然等在涿鄉攻打蜀軍，並且大破之。被封爲都亭侯。後又封石城侯。率領敢死兵和解煩兵一萬人，征討丹陽賊寇，擊破之。
226年病卒，子韓綜承襲侯爵，領其軍隊。",
1024,"字文约。凉州金城郡人。东汉末年凉州军阀、将领，汉末群雄之一。拥兵割据西北一方长达三十余年。最初闻名于西州，被羌胡叛军劫持并推举为首领，以诛宦官为名举兵造反，聚众十万，先后败皇甫嵩、张温、董卓、孙坚等名将，后受朝廷招安。他曾与马腾结为异姓兄弟，后二人关系破裂。
袁绍、曹操相争之际，马腾、韩遂被钟繇说服，依附于曹操。马腾入京后，留其子马超统领部队。马超推举韩遂为都督起兵反叛曹操，为曹操所败，韩遂逃奔凉州，后又为夏侯渊所败，病死后，被部下献首于曹操，享年七十余岁。","字文約。涼州金城郡人。東漢末年涼州軍閥、將領，漢末群雄之一。擁兵割據西北一方長達三十余年。最初聞名于西州，被羌胡叛軍劫持並推舉爲首領，以誅宦官爲名舉兵造反，聚衆十萬，先後敗皇甫嵩、張溫、董卓、孫堅等名將，後受朝廷招安。他曾與馬騰結爲異姓兄弟，後二人關系破裂。
袁紹、曹操相爭之際，馬騰、韓遂被鍾繇說服，依附于曹操。馬騰入京後，留其子馬超統領部隊。馬超推舉韓遂爲都督起兵反叛曹操，爲曹操所敗，韓遂逃奔涼州，後又爲夏侯淵所敗，病死後，被部下獻首于曹操，享年七十余歲。",
1025,"字伯和，汉灵帝刘宏次子，汉少帝刘辩异母弟，母灵怀皇后王荣，东汉最后一任皇帝。刘协因被董太后抚养，故称“董侯”，初封渤海王，后改封陈留王。
189年，董卓废汉少帝刘辩，立刘协为皇帝。董卓被王允和吕布诛杀后，董卓部将李傕等攻入长安，再次挟持了他。刘协后来逃出长安。196年，曹操控制了刘协，并迁都许昌，挟天子以令诸侯。220年，曹操病死，随后被迫禅让于曹丕。234年，刘协寿终正寝，享年54岁，葬于禅陵，谥号孝献皇帝。","字伯和，漢靈帝劉宏次子，漢少帝劉辯異母弟，母靈懷皇後王榮，東漢最後一任皇帝。劉協因被董太後撫養，故稱“董侯”，初封渤海王，後改封陳留王。
189年，董卓廢漢少帝劉辯，立劉協爲皇帝。董卓被王允和呂布誅殺後，董卓部將李傕等攻入長安，再次挾持了他。劉協後來逃出長安。196年，曹操控制了劉協，並遷都許昌，挾天子以令諸侯。220年，曹操病死，隨後被迫禅讓于曹丕。234年，劉協壽終正寢，享年54歲，葬于禅陵，谥號孝獻皇帝。",
1026,字元化。沛国谯县人，东汉末年著名医学家。擅长外科，精于手术，被后人称为“外科圣手”。他曾用“麻沸散”使病人麻醉后施行剖腹手术，开创了世界麻醉药物的先例。又仿虎、鹿、熊、猿、鸟等禽兽的动态创作名为“五禽戏”的体操，教导人们强身健体。后因不服曹操征召被杀，所著医书已佚。,"字元化。沛國谯縣人，東漢末年著名醫學家。擅長外科，精于手術，被後人稱爲“外科聖手”。他曾用“麻沸散”使病人麻醉後施行剖腹手術，開創了世界麻醉藥物的先例。又仿虎、鹿、熊、猿、鳥等禽獸的動態創作名爲“五禽戲”的體操，教導人們強身健體。後因不服曹操征召被殺，所著醫書已佚。
",
1027,"东汉末年董卓部下的武将，为董卓帐下都督。191年，关东军阀联合讨伐董卓，时任长沙太守的孙坚大破董卓军，华雄在此战中被孙坚一军所杀。
小说《三国演义》中，华雄被描述为身长九尺、虎体狼腰、豹头猿臂的猛将，关西人。华雄在汜水关抵挡十八路诸侯联军的进攻，偷袭了孙坚营寨，大败孙坚军，并斩了祖茂。后来诸侯们先后派出俞涉、潘凤与华雄交战，但二人均被华雄所杀。正当诸侯们手足无措之时，当时名不见经传的关羽自告奋勇出战华雄，并且在曹操为他斟的热酒尚温之时，便斩了华雄得胜归来。华雄被斩，对董卓的将来影响很大。此段故事也就是著名的“温酒斩华雄”的典故。
","東漢末年董卓部下的武將，爲董卓帳下都督。191年，關東軍閥聯合討伐董卓，時任長沙太守的孫堅大破董卓軍，華雄在此戰中被孫堅一軍所殺。
小說《三國演義》中，華雄被描述爲身長九尺、虎體狼腰、豹頭猿臂的猛將，關西人。華雄在汜水關抵擋十八路諸侯聯軍的進攻，偷襲了孫堅營寨，大敗孫堅軍，並斬了祖茂。後來諸侯們先後派出俞涉、潘鳳與華雄交戰，但二人均被華雄所殺。正當諸侯們手足無措之時，當時名不見經傳的關羽自告奮勇出戰華雄，並且在曹操爲他斟的熱酒尚溫之時，便斬了華雄得勝歸來。華雄被斬，對董卓的將來影響很大。此段故事也就是著名的“溫酒斬華雄”的典故。
",
1028,"字公覆，零陵泉陵人。东汉末年名将，历仕孙坚、孙策、孙权三任。以演义中的“苦肉计”而闻名于世。早年为郡吏，后追随孙坚走南闯北。孙权即位，诸山越不宾，黄盖活跃在镇抚山越的一线，前后九县，所在悉平，迁丹杨都尉。黄盖为人严肃，善于训练士卒，每每征讨，他的部队皆勇猛善战。
208年赤壁之战时，黄盖前往曹营诈降，并趁机以火攻大破曹操的军队，是赤壁之战主要功臣之一，以功拜武锋中郎将，不久武陵蛮夷反，黄盖以五百人，大破诸贼，寇乱尽平。后又平讨长沙益阳县山贼，加偏将军。官至偏将军、武陵太守。有一子黄柄。","字公覆，零陵泉陵人。東漢末年名將，曆仕孫堅、孫策、孫權三任。以演義中的“苦肉計”而聞名于世。早年爲郡吏，後追隨孫堅走南闖北。孫權即位，諸山越不賓，黃蓋活躍在鎮撫山越的一線，前後九縣，所在悉平，遷丹楊都尉。黃蓋爲人嚴肅，善于訓練士卒，每每征討，他的部隊皆勇猛善戰。
208年赤壁之戰時，黃蓋前往曹營詐降，並趁機以火攻大破曹操的軍隊，是赤壁之戰主要功臣之一，以功拜武鋒中郎將，不久武陵蠻夷反，黃蓋以五百人，大破諸賊，寇亂盡平。後又平討長沙益陽縣山賊，加偏將軍。官至偏將軍、武陵太守。有一子黃柄。",
1029,三国时荆州沔南白水人，沔阳名士黄承彦之女，诸葛亮之妻，诸葛瞻之母。学识丰富，诸葛亮死后不久也跟着死去。,三國時荊州沔南白水人，沔陽名士黃承彥之女，諸葛亮之妻，諸葛瞻之母。學識豐富，諸葛亮死後不久也跟著死去。,
1030,"字汉升，南阳人。东汉末年名将。蜀汉五虎上将之一。初为刘表帐下中郎将，与刘表侄子刘磐共守长沙。刘琮降曹后为曹操任为代理裨将军，统属于长沙太守韩玄，刘备平荆南四郡后改为刘备属下。跟随刘备入蜀，作战时常先登陷阵，勇毅冠三军。益州平后拜为讨虏将军。汉中之战时，黄忠军于定军山斩夏侯渊，迁征西将军。刘备自封为为汉中王后升为后将军，和关羽等齐位，赐爵关内侯。
220年卒，追谥刚侯。后世多以勇猛的老将形象出现于各类文学艺术作品中。而黄忠的名字在中国也逐渐成为了老当益壮的代名词。","字漢升，南陽人。東漢末年名將。蜀漢五虎上將之一。初爲劉表帳下中郎將，與劉表侄子劉磐共守長沙。劉琮降曹後爲曹操任爲代理裨將軍，統屬于長沙太守韓玄，劉備平荊南四郡後改爲劉備屬下。跟隨劉備入蜀，作戰時常先登陷陣，勇毅冠三軍。益州平後拜爲討虜將軍。漢中之戰時，黃忠軍于定軍山斬夏侯淵，遷征西將軍。劉備自封爲爲漢中王後升爲後將軍，和關羽等齊位，賜爵關內侯。
220年卒，追谥剛侯。後世多以勇猛的老將形象出現于各類文學藝術作品中。而黃忠的名字在中國也逐漸成爲了老當益壯的代名詞。",
1031,"字文和，凉州姑臧人。三国时期著名谋士、军事战略家，曹魏开国功臣。《唐会要》尊其为魏晋八君子之首。贾诩精通兵法，着有《钞孙子兵法》一卷，并为《吴起兵法》校注。先从董卓，又为张绣的谋士，后降曹操。
曹操在官渡战袁绍、潼关破西凉马超、韩遂，都用他的奇计。贾诩暗助了曹丕。曹丕日后称帝封其官为太尉、魏寿亭侯。贾诩认为自己非曹操旧臣，怕被猜嫌，采取自保策略，闭门自守，不与人私下交往，子女婚嫁也不攀结权贵。死时七十七岁。","字文和，涼州姑臧人。三國時期著名謀士、軍事戰略家，曹魏開國功臣。《唐會要》尊其爲魏晉八君子之首。賈诩精通兵法，著有《鈔孫子兵法》一卷，並爲《吳起兵法》校注。
先從董卓，又爲張繡的謀士，後降曹操。曹操在官渡戰袁紹、潼關破西涼馬超、韓遂，都用他的奇計。賈诩暗助了曹丕。曹丕日後稱帝封其官爲太尉、魏壽亭侯。賈诩認爲自己非曹操舊臣，怕被猜嫌，采取自保策略，閉門自守，不與人私下交往，子女婚嫁也不攀結權貴。死時七十七歲。",
1032,"字伯约，天水冀县人。蜀汉名将。因父亲姜冏战死，姜维被郡里任命为中郎。后投降蜀汉，得诸葛亮提拔成为一代名将。
诸葛亮去世后姜维在蜀汉开始崭露头角，费祎死后姜维开始独掌军权，继续率领蜀汉军队北伐曹魏，与名将邓艾、陈泰、郭淮等多次交手，后因蜀中大臣也多反对姜维北伐，只得在沓中屯田避祸，后司马昭五道伐蜀，姜维据守剑阁，阻挡住钟会大军，被邓艾从阴平偷袭成都，刘禅投降。
后姜维打算利用钟会反叛曹魏以实现恢复汉室的愿望，但最终钟会反叛失败，姜维与钟会一同被魏军所杀。","字伯約，天水冀縣人。蜀漢名將。因父親姜冏戰死，姜維被郡裏任命爲中郎。後投降蜀漢，得諸葛亮提拔成爲一代名將。
諸葛亮去世後姜維在蜀漢開始嶄露頭角，費祎死後姜維開始獨掌軍權，繼續率領蜀漢軍隊北伐曹魏，與名將鄧艾、陳泰、郭淮等多次交手，後因蜀中大臣也多反對姜維北伐，只得在沓中屯田避禍，後司馬昭五道伐蜀，姜維據守劍閣，阻擋住鍾會大軍，被鄧艾從陰平偷襲成都，劉禅投降。
後姜維打算利用鍾會反叛曹魏以實現恢複漢室的願望，但最終鍾會反叛失敗，姜維與鍾會一同被魏軍所殺。",
1033,"字玄德，东汉末年幽州涿郡涿县人，中山靖王刘胜后代，期蜀汉开国皇帝、政治家，史家又称他为先主。
少年时拜卢植为师，而后参与镇压黄巾起义。先后率军救援北海相孔融、徐州牧陶谦等。陶谦病亡后，将徐州让与刘备。早年颠沛流离，备尝艰辛，投靠过多个诸侯。赤壁之战时，与孙权联盟击败曹操，趁势夺取荆州。而后进取益州。
221年，在成都称帝，国号汉，史称蜀或蜀汉。223年，刘备病逝于白帝城，终年六十三岁，谥号昭烈皇帝，庙号烈祖。《三国志》评刘备的机权干略不及曹操，但其弘毅宽厚，知人待士，百折不挠，终成帝业。","字玄德，東漢末年幽州涿郡涿縣人，中山靖王劉勝後代，期蜀漢開國皇帝、政治家，史家又稱他爲先主。
少年時拜盧植爲師，而後參與鎮壓黃巾起義。先後率軍救援北海相孔融、徐州牧陶謙等。陶謙病亡後，將徐州讓與劉備。早年顛沛流離，備嘗艱辛，投靠過多個諸侯。赤壁之戰時，與孫權聯盟擊敗曹操，趁勢奪取荊州。而後進取益州。
221年，在成都稱帝，國號漢，史稱蜀或蜀漢。223年，劉備病逝于白帝城，終年六十三歲，谥號昭烈皇帝，廟號烈祖。《三國志》評劉備的機權幹略不及曹操，但其弘毅寬厚，知人待士，百折不撓，終成帝業。",
1034,"字子敬，临淮郡东城县人，中国东汉末年杰出战略家、外交家。家富于财，喜好周济穷人结交朋友。
建安二年，鲁肃率领部属投奔孙权，为其提出鼎足江东的战略规划。建安十三年，曹操率军南下。鲁肃与周瑜力排众议，坚决主战，与刘备结盟，大败曹军于赤壁，从此，奠定了三国鼎立格局。赤壁大战后，建安二十二年，鲁肃去世，终年46岁。","字子敬，臨淮郡東城縣人，中國東漢末年傑出戰略家、外交家。家富于財，喜好周濟窮人結交朋友。
建安二年，魯肅率領部屬投奔孫權，爲其提出鼎足江東的戰略規劃。建安十三年，曹操率軍南下。魯肅與周瑜力排衆議，堅決主戰，與劉備結盟，大敗曹軍于赤壁，從此，奠定了三國鼎立格局。赤壁大戰後，建安二十二年，魯肅去世，終年46歲。",
1035,"本名陆议，字伯言，吴郡吴县人。三国时期吴国政治家、军事家。
203年，入孙权幕府。219年，参与袭取荆州。222年，官拜大都督，在夷陵火烧连营击败刘备，一战成名。228年取得石亭之战的胜利。229年，孙权称帝后，卷入立嗣之争，含恨病终。一生出将入相，被赞为“社稷之臣”，终年六十三岁，追谥昭侯。","本名陸議，字伯言，吳郡吳縣人。三國時期吳國政治家、軍事家。
203年，入孫權幕府。219年，參與襲取荊州。222年，官拜大都督，在夷陵火燒連營擊敗劉備，一戰成名。228年取得石亭之戰的勝利。229年，孫權稱帝後，卷入立嗣之爭，含恨病終。一生出將入相，被贊爲“社稷之臣”，終年六十三歲，追谥昭侯。",
1036,字奉先，五原郡九原县人，东汉末年名将，汉末群雄之一，生性反复无常，履次背叛他人，最后因部下背叛而死。 先后为丁原、董卓的部将，后与司徒王允合力诛杀董卓，旋即被董卓旧部李傕等击败，依附袁绍。与曹操争夺兖州失败后，吕布袭取徐州，割据一方。199年吕布于下邳被曹操击败并处死。,字奉先，五原郡九原縣人，東漢末年名將，漢末群雄之一，生性反複無常，履次背叛他人，最後因部下背叛而死。 先後爲丁原、董卓的部將，後與司徒王允合力誅殺董卓，旋即被董卓舊部李傕等擊敗，依附袁紹。與曹操爭奪兖州失敗後，呂布襲取徐州，割據一方。199年呂布于下邳被曹操擊敗並處死。,
1037,吕布之女，本来要嫁给袁术之子，以便同盟对抗曹操，但因被曹操围城而失败。,呂布之女，本來要嫁給袁術之子，以便同盟對抗曹操，但因被曹操圍城而失敗。,
1038,"字子明，东汉末年名将，汝南富陂人。以白衣渡江奇袭荆州的典故闻名于世。同时吕蒙发愤勤学的事迹，成为了中国古代将领勤补拙、笃志力学的代表，与其有关的成语有“士别三日”、“刮目相待”、“吴下阿蒙”等。
吕蒙少年时依附姊夫邓当，随孙策为将。以胆气称。孙权统事后，渐受重用，从破黄祖作先登，封横野中郎将。从围曹仁于南郡，破朱光于皖城，累功拜庐江太守。后进占荆南三郡，计擒郝普，在逍遥津之战中奋勇抵抗张辽军追袭，并于濡须数御魏军，以功除左护军、虎威将军。
鲁肃去世后，代守陆口，设计袭取荆州，击败蜀汉名将关羽，使东吴国土面积大增，拜南郡太守，封孱陵侯，受勋殊隆。不久病世，享年四十二岁。","字子明，东汉末年名将，汝南富陂人。以白衣渡江奇袭荆州的典故闻名于世。同时吕蒙发愤勤学的事迹，成为了中国古代将领勤补拙、笃志力学的代表，与其有关的成语有“士别三日”、“刮目相待”、“吴下阿蒙”等。
吕蒙少年时依附姊夫邓当，随孙策为将。以胆气称。孙权统事后，渐受重用，从破黄祖作先登，封横野中郎将。从围曹仁于南郡，破朱光于皖城，累功拜庐江太守。后进占荆南三郡，计擒郝普，在逍遥津之战中奋勇抵抗张辽军追袭，并于濡须数御魏军，以功除左护军、虎威将军。
鲁肃去世后，代守陆口，设计袭取荆州，击败蜀汉名将关羽，使东吴国土面积大增，拜南郡太守，封孱陵侯，受勋殊隆。不久病世，享年四十二岁。",
1039,"字孟起，司隶部扶风郡茂陵人，东汉卫尉马腾之子，汉末群雄之一，蜀汉开国名将。著名的五虎上将之一。
《三国演义》及民间文化中称“三国英雄算马超”，因俊秀容貌与狮盔银铠的非凡装束而得名“锦马超”，有“不减吕布之勇”。早年曾指挥平阳之战大破并州刺史高干和南匈奴呼厨泉的联军。后马腾入京，马超拜将封侯割据雍州，和曹操争夺关中失败后，退守凉州。后依附张鲁，又转投刘备。带头上表刘协扶刘备称王，又辅佐刘备称帝。223年1月，终年47岁，追谥威侯。
","字孟起，司隸部扶風郡茂陵人，東漢衛尉馬騰之子，漢末群雄之一，蜀漢開國名將。著名的五虎上將之一。
《三國演義》及民間文化中稱“三國英雄算馬超”，因俊秀容貌與獅盔銀铠的非凡裝束而得名“錦馬超”，有“不減呂布之勇”。早年曾指揮平陽之戰大破並州刺史高幹和南匈奴呼廚泉的聯軍。後馬騰入京，馬超拜將封侯割據雍州，和曹操爭奪關中失敗後，退守涼州。後依附張魯，又轉投劉備。帶頭上表劉協扶劉備稱王，又輔佐劉備稱帝。223年1月，終年47歲，追谥威侯。
",
1040,"字季常，因眉毛中有白毛，人称白眉马良，襄阳宜城人，马谡之兄，三国时期蜀汉官员。马良兄弟五人都有才华名气，而马良又在五人中最为出色，因此有“马氏五常，白眉最良”的赞誉。
209年，刘备担任荆州牧，征召马良为州从事。马良与诸葛亮关系友善，曾奉命出使东吴，受到孙权恭敬的接待。221年，刘备称帝，建立蜀汉政权，任命马良为侍中，222年，刘备东征东吴，派马良招纳五溪少数民族。同年，刘备在夷陵之战中兵败，马良也遇害身亡。","字季常，因眉毛中有白毛，人稱白眉馬良，襄陽宜城人，馬谡之兄，三國時期蜀漢官員。馬良兄弟五人都有才華名氣，而馬良又在五人中最爲出色，因此有“馬氏五常，白眉最良”的贊譽。
209年，劉備擔任荊州牧，征召馬良爲州從事。馬良與諸葛亮關系友善，曾奉命出使東吳，受到孫權恭敬的接待。221年，劉備稱帝，建立蜀漢政權，任命馬良爲侍中，222年，劉備東征東吳，派馬良招納五溪少數民族。同年，劉備在夷陵之戰中兵敗，馬良也遇害身亡。",
1041,"字寿成。扶风茂陵人，东汉末年割据凉州一带的军阀，伏波将军马援的后代，马超、马休、马铁之父，身长八尺馀，身体洪大，面鼻雄异，性格贤良忠厚，受众人尊敬。
汉灵帝末年，被州郡署为军从事，掌领部众。凉州刺史耿鄙为叛军所杀后，与边章、韩遂等在凉州共同起事。192年，与韩遂共同率众前往长安，被任命为征西将军。194年，企图连结种邵等诛杀权臣李傕、郭汜，但为其所败，只得回到凉州。其后与韩遂结为异姓兄弟。202年，转为征南将军，开府。后与韩遂不和，互相攻击。208年，被徵为前将军，假节，封槐里侯。之后，马腾听从张既的建议，入朝担任卫尉。211年，其子马超起兵抗拒曹操。次年，马腾与其二子皆为曹操所杀，夷灭三族。","字壽成。扶風茂陵人，東漢末年割據涼州一帶的軍閥，伏波將軍馬援的後代，馬超、馬休、馬鐵之父，身長八尺馀，身體洪大，面鼻雄異，性格賢良忠厚，受衆人尊敬。
漢靈帝末年，被州郡署爲軍從事，掌領部衆。涼州刺史耿鄙爲叛軍所殺後，與邊章、韓遂等在涼州共同起事。192年，與韓遂共同率衆前往長安，被任命爲征西將軍。194年，企圖連結種邵等誅殺權臣李傕、郭汜，但爲其所敗，只得回到涼州。其後與韓遂結爲異姓兄弟。202年，轉爲征南將軍，開府。後與韓遂不和，互相攻擊。208年，被徵爲前將軍，假節，封槐裏侯。之後，馬騰聽從張既的建議，入朝擔任衛尉。211年，其子馬超起兵抗拒曹操。次年，馬騰與其二子皆爲曹操所殺，夷滅三族。",
1042,是周大荒的小说——《反三国演义》中的虚构人物。在小说里她是马腾之女，马超之妹，赵云之妻。现在已经被广泛的用于各种文学和游戏作品中。,是周大荒的小說——《反三國演義》中的虛構人物。在小說裏她是馬騰之女，馬超之妹，趙雲之妻。現在已經被廣泛的用于各種文學和遊戲作品中。,
1043,孟获是中国三国时期南中地区少数民族的首领，史载：”先主崩，获随雍闿反。蜀相诸葛亮亲征，百战百捷。闻得有孟获，向为本地的夷、汉所服，与之战，擒之于盘东。亮纳参军马谡策，赦孟获以服南方。后南中平，获随亮归成都，任御史中丞。终亮之世，南方不敢复反。”,孟獲是中國三國時期南中地區少數民族的首領，史載：”先主崩，獲隨雍闿反。蜀相諸葛亮親征，百戰百捷。聞得有孟獲，向爲本地的夷、漢所服，與之戰，擒之于盤東。亮納參軍馬谡策，赦孟獲以服南方。後南中平，獲隨亮歸成都，任禦史中丞。終亮之世，南方不敢複反。”,
1044,字正平，平原郡般县人，东汉末年名士。性格高傲，目中无人，和孔融交好。孔融向曹操推荐祢衡，但是祢衡称病不肯去，曹操封他为鼓手，想要羞辱祢衡，却反而被祢衡裸身击鼓而羞辱。后来祢衡骂曹操，曹操就把他遣送给刘表，祢衡对刘表也很轻慢，刘表又把他送去给江夏太守黄祖，最后因为和黄祖言语冲突而被杀，时年二十六岁。黄祖对杀害祢衡一事感到十分后悔，便将其加以厚葬。,字正平，平原郡般縣人，東漢末年名士。性格高傲，目中無人，和孔融交好。孔融向曹操推薦祢衡，但是祢衡稱病不肯去，曹操封他爲鼓手，想要羞辱祢衡，卻反而被祢衡裸身擊鼓而羞辱。後來祢衡罵曹操，曹操就把他遣送給劉表，祢衡對劉表也很輕慢，劉表又把他送去給江夏太守黃祖，最後因爲和黃祖言語衝突而被殺，時年二十六歲。黃祖對殺害祢衡一事感到十分後悔，便將其加以厚葬。,
1045,东海郡朐县人，三国时蜀汉大臣糜竺的妹妹。刘备之妻。196年，吕布袭击下邳，刘备妻子被俘，转驻广陵、海西，军队也因为粮草不济陷入了困境，这时糜竺大力资助刘备，并将妹妹嫁给刘备鼓舞刘备，刘备军得以重振。但此后糜夫人便下落不明。,東海郡朐縣人，三國時蜀漢大臣糜竺的妹妹。劉備之妻。196年，呂布襲擊下邳，劉備妻子被俘，轉駐廣陵、海西，軍隊也因爲糧草不濟陷入了困境，這時糜竺大力資助劉備，並將妹妹嫁給劉備鼓舞劉備，劉備軍得以重振。但此後糜夫人便下落不明。,
1046,字子仲。东海朐县人。原为徐州富商，陶谦辟为别驾从事。陶死后，辅佐刘备。在刘备潦倒之时给予很大的帮助。刘备入主益州后，拜麋竺为安汉将军。关羽走麦城身亡，糜芳投降，麋竺面缚请罪，不久后即因惭恨病死。,字子仲。東海朐縣人。原爲徐州富商，陶謙辟爲別駕從事。陶死後，輔佐劉備。在劉備潦倒之時給予很大的幫助。劉備入主益州後，拜麋竺爲安漢將軍。關羽走麥城身亡，糜芳投降，麋竺面縛請罪，不久後即因慚恨病死。,
1047,"是《三国演义》中的虚拟人物。他将《太平要术》赠予了张角，并对张角说：“汝得之，当代天宣化，普救世人；若萌异心，必获恶报。""原型是道教典籍中对庄子的封号。","是《三國演義》中的虛擬人物。他將《太平要術》贈予了張角，並對張角說：“汝得之，當代天宣化，普救世人；若萌異心，必獲惡報。""原型是道教典籍中對莊子的封號。",
1048,"字令明，南安郡狟道县人，初投马腾，在平定羌乱有功。建安年，随马超征战平阳，抵御袁将郭援、高干，阵斩郭援。每次出征常冲锋陷阵，勇冠三军。
后随张鲁归降于曹操麾下。219年，庞德协助曹仁抵御关羽。常骑白马驰骋奔杀，曾一箭射中关羽前额。后被关羽用水计擒拿，关羽敬其刚毅威武，劝降未果，庞德怒目不跪，怒斥关羽，最终求死被斩。","字令明，南安郡狟道縣人，初投馬騰，在平定羌亂有功。建安年，隨馬超征戰平陽，抵禦袁將郭援、高幹，陣斬郭援。每次出征常衝鋒陷陣，勇冠三軍。
後隨張魯歸降于曹操麾下。219年，龐德協助曹仁抵禦關羽。常騎白馬馳騁奔殺，曾一箭射中關羽前額。後被關羽用水計擒拿，關羽敬其剛毅威武，勸降未果，龐德怒目不跪，怒斥關羽，最終求死被斬。",
1049,字士元，号凤雏，汉时荆州襄阳人。东汉末年刘备帐下重要谋士，人称凤雏，诸葛亮同拜为军师中郎将。与刘备一同入川，于刘备与刘璋决裂之际，献上上中下三条计策，刘备用其中计。进围雒县时，庞统率众攻城，不幸中流矢而亡，年仅三十六岁，追赐统为关内侯，谥曰靖侯。,字士元，號鳳雛，漢時荊州襄陽人。東漢末年劉備帳下重要謀士，人稱鳳雛，諸葛亮同拜爲軍師中郎將。與劉備一同入川，于劉備與劉璋決裂之際，獻上上中下三條計策，劉備用其中計。進圍雒縣時，龐統率衆攻城，不幸中流矢而亡，年僅三十六歲，追賜統爲關內侯，谥曰靖侯。,
1050,武陵蛮王，蜀章武初，刘备亲自领兵攻孙权，以金锦爵赏诱沙摩柯助战，斩杀了抱病上阵的甘宁。二年，吴大都督陆逊以火攻破刘备，率诸军齐击，沙摩柯败死。,武陵蠻王，蜀章武初，劉備親自領兵攻孫權，以金錦爵賞誘沙摩柯助戰，斬殺了抱病上陣的甘甯。二年，吳大都督陸遜以火攻破劉備，率諸軍齊擊，沙摩柯敗死。,
1051,字德操，颍川阳翟人。东汉末年隐士，精通奇门、兵法、经学。别名“水镜先生”。曾向刘备推荐了卧龙凤雏等人。,字德操，颍川陽翟人。東漢末年隱士，精通奇門、兵法、經學。別名“水鏡先生”。曾向劉備推薦了臥龍鳳雛等人。,
1052,"字仲达，河内郡温县孝敬里人。三国时期魏国杰出的政治家、军事家、战略家，西晋王朝的奠基人。
曾任职过曹魏的大都督、大将军、太尉、太傅。是辅佐了魏国四代的托孤辅政之重臣，后期成为掌控魏国朝政的权臣。善谋奇策，多次征伐有功，其中最显着的功绩是两次率大军成功抵御诸葛亮北伐和远征平定辽东。对屯田、水利等农耕经济发展有重要贡献。
73岁去世，辞郡公和殊礼，葬于首阳山。谥号宣文；其次子司马昭封晋王后，追封司马懿为宣王；司马炎称帝后，追尊司马懿为宣皇帝。","字仲達，河內郡溫縣孝敬裏人。三國時期魏國傑出的政治家、軍事家、戰略家，西晉王朝的奠基人。
曾任職過曹魏的大都督、大將軍、太尉、太傅。是輔佐了魏國四代的托孤輔政之重臣，後期成爲掌控魏國朝政的權臣。善謀奇策，多次征伐有功，其中最顯著的功績是兩次率大軍成功抵禦諸葛亮北伐和遠征平定遼東。對屯田、水利等農耕經濟發展有重要貢獻。
73歲去世，辭郡公和殊禮，葬于首陽山。谥號宣文；其次子司馬昭封晉王後，追封司馬懿爲宣王；司馬炎稱帝後，追尊司馬懿爲宣皇帝。",
1053,"字伯符，吴郡富春人。孙坚长子，孙权长兄。东汉末年割据江东一带的军阀，汉末群雄之一，三国时期孙吴的奠基者之一。为继承父亲孙坚的遗业而屈事袁术，后脱离袁术，统一江东。在一次狩猎中为刺客所伤，不久后身亡，年仅二十六岁。其弟孙权接掌孙策势力，并于称帝后，追谥孙策为长沙桓王。
",字伯符，吳郡富春人。孫堅長子，孫權長兄。東漢末年割據江東一帶的軍閥，漢末群雄之一，三國時期孫吳的奠基者之一。爲繼承父親孫堅的遺業而屈事袁術，後脫離袁術，統一江東。在一次狩獵中爲刺客所傷，不久後身亡，年僅二十六歲。其弟孫權接掌孫策勢力，並于稱帝後，追谥孫策爲長沙桓王。,
1054,"字文台，吴郡富春人，春秋时期军事家孙武的后裔。东汉末年将领、军阀，三国中吴国的奠基人。孙武的后代，人称江东猛虎，县吏出身，因勇敢又有谋略被官府赏识，提拔为军官。
孙坚参军后多次成功平定汉末叛乱，又随朱儁征讨黄巾，立下许多功劳，被东汉朝廷封为长沙太守、乌程侯。后董卓乱政，孙坚联合袁术，参加了诸侯联军，征讨董卓，表现最为积极，数次击败董卓的部队；董卓迁都长安，孙坚进兵洛阳，于洛阳城发现玉玺，后修复被董卓破坏的皇陵后返回鲁阳。不久，孙坚受袁术派遣与刘表交战，击败了刘表部下黄祖，却在一次追击中被黄祖的士兵射杀。孙坚的儿子孙策、孙权后来创建了东吴政权。","字文台，吳郡富春人，春秋時期軍事家孫武的後裔。東漢末年將領、軍閥，三國中吳國的奠基人。孫武的後代，人稱江東猛虎，縣吏出身，因勇敢又有謀略被官府賞識，提拔爲軍官。
孫堅參軍後多次成功平定漢末叛亂，又隨朱儁征討黃巾，立下許多功勞，被東漢朝廷封爲長沙太守、烏程侯。後董卓亂政，孫堅聯合袁術，參加了諸侯聯軍，征討董卓，表現最爲積極，數次擊敗董卓的部隊；董卓遷都長安，孫堅進兵洛陽，于洛陽城發現玉玺，後修複被董卓破壞的皇陵後返回魯陽。不久，孫堅受袁術派遣與劉表交戰，擊敗了劉表部下黃祖，卻在一次追擊中被黃祖的士兵射殺。孫堅的兒子孫策、孫權後來創建了東吳政權。",
1055,"字仲谋，吴郡富春人。三国时代东吴的建立者。谥号大皇帝，庙号太祖，葬于蒋陵。是三国时代统治者中最长寿的。
200年孙策遇刺身亡，孙权继之掌事，成为一方诸侯。208年，与刘备建立孙刘联盟，赤壁之战中击败曹操，奠定三国鼎立的基础。219年，派吕蒙成功袭取荆州，开辟疆土。222年，被曹丕册封为吴王，建立吴国。229年，正式称帝。称帝后，设置农官，实行屯田，设置郡县，剿抚山越，促进了江南经济的发展。又多次派人出海。晚年在继承人问题上反复无常，引致群下党争，朝局不稳。252年病逝，享年七十一岁。","字仲謀，吳郡富春人。三國時代東吳的建立者。谥號大皇帝，廟號太祖，葬于蔣陵。是三國時代統治者中最長壽的。
200年孫策遇刺身亡，孫權繼之掌事，成爲一方諸侯。208年，與劉備建立孫劉聯盟，赤壁之戰中擊敗曹操，奠定三國鼎立的基礎。219年，派呂蒙成功襲取荊州，開辟疆土。222年，被曹丕冊封爲吳王，建立吳國。229年，正式稱帝。稱帝後，設置農官，實行屯田，設置郡縣，剿撫山越，促進了江南經濟的發展。又多次派人出海。晚年在繼承人問題上反複無常，引致群下黨爭，朝局不穩。252年病逝，享年七十一歲。",
1056,吴郡富春人，东汉末年讨虏将军孙权之妹，左将军刘备之妻。《三国志》称之为先主孙夫人。孙氏嫁给刘备三年，史料并无生育记载。,吳郡富春人，東漢末年討虜將軍孫權之妹，左將軍劉備之妻。《三國志》稱之爲先主孫夫人。孫氏嫁給劉備三年，史料並無生育記載。,
1057,"字子义，东莱黄县人。东汉末年名将，弓马熟练，箭法精良。民间形象以单骑北海突出重围求救，情义无双而出名。太史慈原为刘繇部下，后被孙策收降，自此太史慈为孙氏大将，助其扫荡江东。
孙权统事后，因太史慈能制刘磐，便将管理南方的要务委托给他。206年，太史慈逝世。","字子義，東萊黃縣人。東漢末年名將，弓馬熟練，箭法精良。民間形象以單騎北海突出重圍求救，情義無雙而出名。太史慈原爲劉繇部下，後被孫策收降，自此太史慈爲孫氏大將，助其掃蕩江東。
孫權統事後，因太史慈能制劉磐，便將管理南方的要務委托給他。206年，太史慈逝世。",
1058,字元皓，巨鹿人。袁绍部下，官至冀州别驾。其为人刚直，曾多次向袁绍进言而不被采纳，曹操部下谋臣荀彧曾评价他“刚而犯上”。后因谏阻袁绍征伐曹操而被袁绍下令监禁。官渡之战后，田丰被袁绍杀害。,字元皓，巨鹿人。袁紹部下，官至冀州別駕。其爲人剛直，曾多次向袁紹進言而不被采納，曹操部下謀臣荀彧曾評價他“剛而犯上”。後因谏阻袁紹征伐曹操而被袁紹下令監禁。官渡之戰後，田豐被袁紹殺害。,
1059,"东海郯县人。三国时期曹魏经学家王朗之孙女，晋文帝司马昭妻子。
幼时便通《诗经》、《论语》，嫁司马昭后竭尽妇道、谦虚谨慎。其人颇有远见，曾预言钟会谋反之事。司马炎建立西晋，尊王元姬为皇太后，宫号曰崇化宫。王元姬身处太后之位，提倡节俭，身体力行，作为表率。
268年，王元姬崩逝，终年五十二岁，谥号文明皇后，与司马昭合葬于崇阳陵。
","東海郯縣人。三國時期曹魏經學家王朗之孫女，晉文帝司馬昭妻子。
幼時便通《詩經》、《論語》，嫁司馬昭後竭盡婦道、謙虛謹慎。其人頗有遠見，曾預言鍾會謀反之事。司馬炎建立西晉，尊王元姬爲皇太後，宮號曰崇化宮。王元姬身處太後之位，提倡節儉，身體力行，作爲表率。
268年，王元姬崩逝，終年五十二歲，谥號文明皇後，與司馬昭合葬于崇陽陵。",
1060,"字文长，义阳人。三国时期蜀汉名将，早先出仕刘表、韩玄，后降蜀汉，深受刘备器重。
刘备入川时因数有战功被任命为牙门将军，刘备攻下汉中后又将其破格提拔为镇远将军，领汉中太守，镇守汉中，成为独当一方的大将。魏延镇守汉中近十年，之后又屡次随诸葛亮北伐，功绩显着。期间魏延多次请诸葛亮给他统领一万兵，另走一路攻关中，最后与诸葛亮会师于潼关，如同韩信的例子，但诸葛亮一直不许，因而认为自己无法完全发挥才能，心怀不满。
与长史杨仪不和，诸葛亮死后，两人矛盾激化，相互争权，魏延败逃，为马岱所追斩，并被夷灭三族。","字文長，義陽人。三國時期蜀漢名將，早先出仕劉表、韓玄，後降蜀漢，深受劉備器重。
劉備入川時因數有戰功被任命爲牙門將軍，劉備攻下漢中後又將其破格提拔爲鎮遠將軍，領漢中太守，鎮守漢中，成爲獨當一方的大將。魏延鎮守漢中近十年，之後又屢次隨諸葛亮北伐，功績顯著。期間魏延多次請諸葛亮給他統領一萬兵，另走一路攻關中，最後與諸葛亮會師于潼關，如同韓信的例子，但諸葛亮一直不許，因而認爲自己無法完全發揮才能，心懷不滿。
與長史楊儀不和，諸葛亮死後，兩人矛盾激化，相互爭權，魏延敗逃，爲馬岱所追斬，並被夷滅三族。",
1061,"南蛮乌戈国之主，是身长十二尺的巨汉。
孟获遭到六擒六纵之后向兀突骨救援，兀突骨亲自带领两名兵长土安、奚泥及三万藤甲兵去攻蜀。在连胜魏延十五阵之后，追击至蟠蛇谷，被诸葛亮埋伏，以火攻反击之，兀突骨及其三万部下全部战死。
","南蠻烏戈國之主，是身長十二尺的巨漢。
孟獲遭到六擒六縱之後向兀突骨救援，兀突骨親自帶領兩名兵長土安、奚泥及三萬藤甲兵去攻蜀。在連勝魏延十五陣之後，追擊至蟠蛇谷，被諸葛亮埋伏，以火攻反擊之，兀突骨及其三萬部下全部戰死。",
1062,"字元让，沛国谯人。东汉末年名将，曹魏开国元勋，西汉开国元勋夏侯婴的后代，曹操的族人。是曹军的首席将领，留有【拔矢啖睛】的传世典故。
少年时以勇气闻名于乡里。曹操起兵，夏侯惇是其最早的将领之一。多次为曹操镇守后方，曾率军民阻断太寿河水，筑陂塘灌溉农田，使百姓受益，功勋卓著。历任折冲校尉、济阴太守、建武将军，官至大将军，封高安乡侯，追谥忠侯。夏侯惇一生虽多在军旅，但仍不忘治学。他常亲自迎师，虚心求教。他为人俭朴，所得赏赐全部分给将士。一生不置产业，至死家无余财。","字元讓，沛國谯人。東漢末年名將，曹魏開國元勳，西漢開國元勳夏侯嬰的後代，曹操的族人。是曹軍的首席將領，留有【拔矢啖睛】的傳世典故。
少年時以勇氣聞名于鄉裏。曹操起兵，夏侯惇是其最早的將領之一。多次爲曹操鎮守後方，曾率軍民阻斷太壽河水，築陂塘灌溉農田，使百姓受益，功勳卓著。曆任折衝校尉、濟陰太守、建武將軍，官至大將軍，封高安鄉侯，追谥忠侯。夏侯惇一生雖多在軍旅，但仍不忘治學。他常親自迎師，虛心求教。他爲人儉樸，所得賞賜全部分給將士。一生不置産業，至死家無余財。",
1063,"曹军的砥柱，东汉末年名将，擅长千里奔袭作战，官至征西将军，封博昌亭侯。
初期随曹操征伐，官渡之战为曹操督运粮草，又督诸将先后平定昌豨、徐和、雷绪、商曜等叛乱。后率军驻凉州，逐马超、破韩遂、灭宋建、横扫羌、氐，虎步关右。张鲁降曹操后夏侯渊留守汉中，与刘备相拒逾年，于定军山被刘备部将黄忠所袭，战死，谥曰愍侯。","曹軍的砥柱，東漢末年名將，擅長千裏奔襲作戰，官至征西將軍，封博昌亭侯。
初期隨曹操征伐，官渡之戰爲曹操督運糧草，又督諸將先後平定昌豨、徐和、雷緒、商曜等叛亂。後率軍駐涼州，逐馬超、破韓遂、滅宋建、橫掃羌、氐，虎步關右。張魯降曹操後夏侯淵留守漢中，與劉備相拒逾年，于定軍山被劉備部將黃忠所襲，戰死，谥曰愍侯。",
1064,"庐江皖县乔国老次女，秀美绝伦，貌压群芳，又琴棋书画无所不通周瑜攻取皖城，迎娶小乔为妻。周郎小乔英雄美女、郎才女貌 ，被流传为千古佳话。

","廬江皖縣喬國老次女，秀美絕倫，貌壓群芳，又琴棋書畫無所不通周瑜攻取皖城，迎娶小喬爲妻。周郎小喬英雄美女、郎才女貌 ，被流傳爲千古佳話。
",
1065,"三国时期曹魏名将。本为杨奉帐下骑都尉，杨奉被曹操击败后转投曹操，在曹操手下多立功勋，参与官渡、赤壁、关中征伐、汉中征伐等几次重大战役。
樊城之战中徐晃作为曹仁的援军击败关羽，与交谊深厚的关羽作战，依然善战且不念私情，此役中治军严整而被曹操称赞“有周亚夫之风”。
曹丕称帝后，徐晃被加为右将军，于公元227年病逝，谥曰壮侯。","三國時期曹魏名將。本爲楊奉帳下騎都尉，楊奉被曹操擊敗後轉投曹操，在曹操手下多立功勳，參與官渡、赤壁、關中征伐、漢中征伐等幾次重大戰役。
樊城之戰中徐晃作爲曹仁的援軍擊敗關羽，與交誼深厚的關羽作戰，依然善戰且不念私情，此役中治軍嚴整而被曹操稱贊“有周亞夫之風”。
曹丕稱帝後，徐晃被加爲右將軍，于公元227年病逝，谥曰壯侯。",
1066,"刘备最初的军师，于新野之战带来胜利的契机，日后却无奈出仕曹操。因中原战乱，客居于荆州，与诸葛亮、司马徽、庞统等人相友善。后徐庶向刘备推荐了诸葛亮。
长坂之战时，徐庶的母亲被曹军抓获，于是徐庶北投曹操，在魏官至右中郎将、御史中丞。","劉備最初的軍師，于新野之戰帶來勝利的契機，日後卻無奈出仕曹操。因中原戰亂，客居于荊州，與諸葛亮、司馬徽、龐統等人相友善。後徐庶向劉備推薦了諸葛亮。
長坂之戰時，徐庶的母親被曹軍抓獲，于是徐庶北投曹操，在魏官至右中郎將、禦史中丞。",
1067,"曹操近卫队长。典韦死后，常侍曹操左右，解救了许多危机。与葛陂贼交战时在箭矢耗尽的情况下掷石攻敌，后在粮食短缺的情况下诈作与贼和解并以耕牛交换粮食，但在牛突然狂奔的情况下抓住牛尾倒行百余步，由此在淮汝一带的人提起许褚之名皆畏惮。
曹操复屯官渡时发现欲谋害曹操者，更全部杀掉。关中之战时左手拿马鞍，右手划船护曹操安然渡河。后来曹操与马韩会面时只让许褚相随，会面期间马超欲袭曹操，但听闻许褚之名便怀疑从骑就是许褚，便问曹操虎侯安在，曹操指着许褚;许褚怒视马超以令他放弃，自此天下皆以此称呼许褚。
当曹操去世时许褚哭至吐血，曹丕迁其作武卫将军，负责宫中安全。曹叡继位时封其为牟乡侯，谥曰壮侯。","曹操近衛隊長。典韋死後，常侍曹操左右，解救了許多危機。與葛陂賊交戰時在箭矢耗盡的情況下擲石攻敵，後在糧食短缺的情況下詐作與賊和解並以耕牛交換糧食，但在牛突然狂奔的情況下抓住牛尾倒行百余步，由此在淮汝一帶的人提起許褚之名皆畏憚。
曹操複屯官渡時發現欲謀害曹操者，更全部殺掉。關中之戰時左手拿馬鞍，右手劃船護曹操安然渡河。後來曹操與馬韓會面時只讓許褚相隨，會面期間馬超欲襲曹操，但聽聞許褚之名便懷疑從騎就是許褚，便問曹操虎侯安在，曹操指著許褚;許褚怒視馬超以令他放棄，自此天下皆以此稱呼許褚。
當曹操去世時許褚哭至吐血，曹丕遷其作武衛將軍，負責宮中安全。曹叡繼位時封其爲牟鄉侯，谥曰壯侯。",
1068,"东汉末年著名政治家、战略家，曹操统一北方的首席谋臣和功臣，被称为“王佐之才”。
曾被袁绍待为上宾。后投奔曹操。官至侍中，守尚书令，封万岁亭侯。居中持重达十数年，处理军国事务，被人敬称为“荀令君”。后因反对曹操称魏公而受曹操所忌，调离中枢，在寿春忧郁成病而亡。死后被追谥为敬侯，后又被追赠太尉。
在战略方面为曹操规划制定了统一北方的蓝图和军事路线，政治方面为曹操举荐了钟繇、荀攸、陈群、杜袭、戏志才、郭嘉等大量人才。被曹操称为“吾之子房”。","東漢末年著名政治家、戰略家，曹操統一北方的首席謀臣和功臣，被稱爲“王佐之才”。
曾被袁紹待爲上賓。後投奔曹操。官至侍中，守尚書令，封萬歲亭侯。居中持重達十數年，處理軍國事務，被人敬稱爲“荀令君”。後因反對曹操稱魏公而受曹操所忌，調離中樞，在壽春憂郁成病而亡。死後被追谥爲敬侯，後又被追贈太尉。
在戰略方面爲曹操規劃制定了統一北方的藍圖和軍事路線，政治方面爲曹操舉薦了鍾繇、荀攸、陳群、杜襲、戲志才、郭嘉等大量人才。被曹操稱爲“吾之子房”。",
1069,"东汉末年武将，初为刘璋部下，担任巴郡太守。
建安十九年，刘备进攻江州，严颜战败被俘，张飞对严颜说：“大军至，何以不降而敢拒战？”，严颜回答说：“卿等无状，侵夺我州，我州但有断头将军，无降将军也！”，张飞生气，命左右将严颜牵去砍头，严颜表情不变地说：“砍头便砍头，何为怒邪！”张飞敬佩严颜的勇气，遂释放严颜并以严颜为宾客，之后的事迹不在正史中出现。","東漢末年武將，初爲劉璋部下，擔任巴郡太守。
建安十九年，劉備進攻江州，嚴顔戰敗被俘，張飛對嚴顔說：“大軍至，何以不降而敢拒戰？”，嚴顔回答說：“卿等無狀，侵奪我州，我州但有斷頭將軍，無降將軍也！”，張飛生氣，命左右將嚴顔牽去砍頭，嚴顔表情不變地說：“砍頭便砍頭，何爲怒邪！”張飛敬佩嚴顔的勇氣，遂釋放嚴顔並以嚴顔爲賓客，之後的事迹不在正史中出現。",
1070,"东汉末年冀州牧袁绍帐下的大将。200年，袁绍命文丑率军于延津攻曹操，曹操以诱敌之计大破文丑一军，文丑于此战中丧生。
《三国演义》中，孙坚私藏玉玺被袁绍识破，颜良、文丑与程普、黄盖、韩当拔剑掣刀相对。袁绍计逼韩馥，夺取冀州之时，关纯行刺袁绍，被文丑斩杀。磐河一战，文丑策马挺枪，直杀上桥，十余合大败公孙瓒，追击时，被瓒手下四健将围攻，丑一枪刺一将下马，其余三将逃走，又与赵云大战60回合不分胜负，随后与颜良为先锋，击公孙瓒。
曹、袁交兵，先锋颜良攻白马被斩，文丑领军为其报仇，据延津挑战曹操，却中饵敌之计而军乱，文丑挺身独战，射退张辽，与徐晃大战三十合不分胜败，追击中正遇关羽，战不三合，心怯欲走，被关羽赶上斩于马下。
","東漢末年冀州牧袁紹帳下的大將。200年，袁紹命文醜率軍于延津攻曹操，曹操以誘敵之計大破文醜一軍，文醜于此戰中喪生。
《三國演義》中，孫堅私藏玉玺被袁紹識破，顔良、文醜與程普、黃蓋、韓當拔劍掣刀相對。袁紹計逼韓馥，奪取冀州之時，關純行刺袁紹，被文醜斬殺。磐河一戰，文醜策馬挺槍，直殺上橋，十余合大敗公孫瓒，追擊時，被瓒手下四健將圍攻，醜一槍刺一將下馬，其余三將逃走，又與趙雲大戰60回合不分勝負，隨後與顔良爲先鋒，擊公孫瓒。
曹、袁交兵，先鋒顔良攻白馬被斬，文醜領軍爲其報仇，據延津挑戰曹操，卻中餌敵之計而軍亂，文醜挺身獨戰，射退張遼，與徐晃大戰三十合不分勝敗，追擊中正遇關羽，戰不三合，心怯欲走，被關羽趕上斬于馬下。",
1071,未来的麒麟儿,未來的麒麟兒,
1072,甚得人心的道士。在吴郡、会稽一带为百姓治病。被孙策以“惑乱人心”的罪名逮捕。孙策表示只要他能唤雨就饶了他，可最终在他唤雨后依然处死了他。,甚得人心的道士。在吳郡、會稽一帶爲百姓治病。被孫策以“惑亂人心”的罪名逮捕。孫策表示只要他能喚雨就饒了他，可最終在他喚雨後依然處死了他。,
1073,"字文则，泰山钜平人。魏国名将。本为鲍信部将，后属曹操，曾于张绣造反时讨伐不守军纪的青州兵，同时为迎击敌军而固守营垒，因此曹操称赞他可与古代名将相比。
但在219年的襄樊之战中，于禁在败给关羽后投降，致使晚节不保。关羽败亡后，于禁从荆州获释到了吴国。221年，孙权遣还于禁回魏，同年去世，谥曰厉侯。","字文則，泰山钜平人。魏國名將。本爲鮑信部將，後屬曹操，曾于張繡造反時討伐不守軍紀的青州兵，同時爲迎擊敵軍而固守營壘，因此曹操稱贊他可與古代名將相比。
但在219年的襄樊之戰中，于禁在敗給關羽後投降，致使晚節不保。關羽敗亡後，于禁從荊州獲釋到了吳國。221年，孫權遣還于禁回魏，同年去世，谥曰厲侯。",
1074,字本初，汝南汝阳人，东汉末年军阀。初为何进党羽，何进被杀后，与袁术等共同诛杀宦官，并成为反董卓联盟首领。董卓死后，为扩大势力范围而相继占领青州、并州、幽州，在河北建立起庞大的势力。200年，发动官渡之战，遣七十万大军越过黄河，在官渡与曹操一决雌雄，却因乌巢粮仓被烧导致军心大乱，惨败。不久，发病而死。,字本初，汝南汝陽人，東漢末年軍閥。初爲何進黨羽，何進被殺後，與袁術等共同誅殺宦官，並成爲反董卓聯盟首領。董卓死後，爲擴大勢力範圍而相繼占領青州、並州、幽州，在河北建立起龐大的勢力。200年，發動官渡之戰，遣七十萬大軍越過黃河，在官渡與曹操一決雌雄，卻因烏巢糧倉被燒導致軍心大亂，慘敗。不久，發病而死。,
1075,"字公路，汝南汝阳人，袁逢之嫡次子，袁基、袁绍之弟。早年何进被中常侍张让等所杀，袁术与吴匡诛杀宦官，董卓进京后，袁术畏祸出奔南阳。参与诸侯讨董，后被袁绍、曹操击败，奔九江，割据扬州。
197年从孙坚手中谋得玉玺后称帝，但不被世人所认。此后袁术奢侈荒淫，横征暴敛，使江淮地区残破不堪，部众离心，先后为吕布、曹操所破，元气大伤，199年呕血而死。","字公路，汝南汝陽人，袁逢之嫡次子，袁基、袁紹之弟。早年何進被中常侍張讓等所殺，袁術與吳匡誅殺宦官，董卓進京後，袁術畏禍出奔南陽。參與諸侯討董，後被袁紹、曹操擊敗，奔九江，割據揚州。
197年從孫堅手中謀得玉玺後稱帝，但不被世人所認。此後袁術奢侈荒淫，橫征暴斂，使江淮地區殘破不堪，部衆離心，先後爲呂布、曹操所破，元氣大傷，199年嘔血而死。",
1076,晋宣穆皇后，河内平皋人，曹魏粟邑令张汪之女，晋宣帝司马懿之妻，晋景帝司马师和晋文帝司马昭的母亲。247年，张春华去世，时年五十九岁，葬于洛阳高原陵，追赠广平县君。,晉宣穆皇後，河內平臯人，曹魏粟邑令張汪之女，晉宣帝司馬懿之妻，晉景帝司馬師和晉文帝司馬昭的母親。247年，張春華去世，時年五十九歲，葬于洛陽高原陵，追贈廣平縣君。,
1077,"字翼德，幽州涿郡人，三国时期蜀汉名将。张飞以其勇猛、鲁莽、嫉恶如仇而著称，蜀汉五虎上将之一，人称猛张飞。
刘备长坂坡败退，张飞仅率二十骑断后，据水断桥，曹军没人敢逼近；与诸葛亮、赵云扫荡西川时，于江州义释严颜；汉中之战时又于宕渠击败张郃，对蜀汉贡献极大，官至车骑将军、领司隶校尉，封西乡侯，后被范强、张达刺杀。后主时代追谥为“桓侯”。","字翼德，幽州涿郡人，三國時期蜀漢名將。張飛以其勇猛、魯莽、嫉惡如仇而著稱，蜀漢五虎上將之一，人稱猛張飛。
劉備長坂坡敗退，張飛僅率二十騎斷後，據水斷橋，曹軍沒人敢逼近；與諸葛亮、趙雲掃蕩西川時，于江州義釋嚴顔；漢中之戰時又于宕渠擊敗張郃，對蜀漢貢獻極大，官至車騎將軍、領司隸校尉，封西鄉侯，後被範強、張達刺殺。後主時代追谥爲“桓侯”。",
1078,"字儁乂，河间鄚人。曹魏名将，五子良将之一。张郃戎马一生，以用兵巧变、善列营阵，长于利用地形著称。
早年应募镇压黄巾起义，后属韩馥为军司马。191年，袁绍取冀州，张郃率兵投归，任校尉。因破公孙瓒有功，迁为宁国中郎将。后在官渡之战中投降曹操。此后，随曹操攻乌桓、破马超、降张鲁，屡建战功。继与都护将军夏侯渊留守汉中。215年，率军进攻巴西宕渠，被蜀将张飞击败。219年，从夏侯渊迎战刘备军于定军山，当夏侯渊战死，全军危急之际，张郃代帅率部安全撤退。曹丕称帝后，奉命从曹真击平安定羌胡，后与夏侯尚围攻江陵。228年，随曹真西拒诸葛亮，在街亭大败蜀军。231年，领兵追击蜀军，至木门中箭亡。","字儁乂，河間鄚人。曹魏名將，五子良將之一。張郃戎馬一生，以用兵巧變、善列營陣，長于利用地形著稱。
早年應募鎮壓黃巾起義，後屬韓馥爲軍司馬。191年，袁紹取冀州，張郃率兵投歸，任校尉。因破公孫瓒有功，遷爲甯國中郎將。後在官渡之戰中投降曹操。此後，隨曹操攻烏桓、破馬超、降張魯，屢建戰功。繼與都護將軍夏侯淵留守漢中。215年，率軍進攻巴西宕渠，被蜀將張飛擊敗。219年，從夏侯淵迎戰劉備軍于定軍山，當夏侯淵戰死，全軍危急之際，張郃代帥率部安全撤退。曹丕稱帝後，奉命從曹真擊平安定羌胡，後與夏侯尚圍攻江陵。228年，隨曹真西拒諸葛亮，在街亭大敗蜀軍。231年，領兵追擊蜀軍，至木門中箭亡。",
1079,鉅鹿人。中国东汉末年农民起义军“黄巾军”的领袖，太平道的创始人。中平元年，张角以“苍天已死，黄天当立，岁在甲子，天下大吉”为口号，自称“天公将军”，率领群众发动起义，史称“黄巾起义”。不久张角病死，起义军也很快被汉朝所镇压。,鉅鹿人。中國東漢末年農民起義軍“黃巾軍”的領袖，太平道的創始人。中平元年，張角以“蒼天已死，黃天當立，歲在甲子，天下大吉”爲口號，自稱“天公將軍”，率領群衆發動起義，史稱“黃巾起義”。不久張角病死，起義軍也很快被漢朝所鎮壓。,
1080,"字文远，雁门马邑人。曹魏名将。曾从属丁原、董卓、吕布。下邳之战后，归顺曹操。
此后随曹操征讨，战功累累。215年，逍遥津之战，以七千之众大破东吴十万大军，威震四海。曹丕登基后，仍令张辽守御孙权。黄初三年，张辽不负众望，抱病击破吴将吕范。同年在江都病逝，谥刚侯。
","字文遠，雁門馬邑人。曹魏名將。曾從屬丁原、董卓、呂布。下邳之戰後，歸順曹操。
此後隨曹操征討，戰功累累。215年，逍遙津之戰，以七千之衆大破東吳十萬大軍，威震四海。曹丕登基後，仍令張遼守禦孫權。黃初三年，張遼不負衆望，抱病擊破吳將呂範。同年在江都病逝，谥剛侯。",
1081,"蜀郡人，刘璋的部下，任益州别驾。张松长得额秃头尖，鼻偃齿露，身短不满五尺，言语有若铜钟，但很有才干，可过目不忘。
张松奉命出使许都，结果不被曹操礼遇，言语顶撞曹操，被乱棍打出。张松归蜀时途经荆州，为刘备所厚待，于是将西川地理图献予刘备，劝刘备取益州，愿为内应，并派好友孟达、法正帮助刘备。后来，刘备入蜀后假意归还，张松信以为真，写信劝阻，被兄长张肃发现，被告发，全家被杀。","蜀郡人，劉璋的部下，任益州別駕。張松長得額禿頭尖，鼻偃齒露，身短不滿五尺，言語有若銅鍾，但很有才幹，可過目不忘。
張松奉命出使許都，結果不被曹操禮遇，言語頂撞曹操，被亂棍打出。張松歸蜀時途經荊州，爲劉備所厚待，于是將西川地理圖獻予劉備，勸劉備取益州，願爲內應，並派好友孟達、法正幫助劉備。後來，劉備入蜀後假意歸還，張松信以爲真，寫信勸阻，被兄長張肅發現，被告發，全家被殺。",
1082,"字子布。三国时期孙吴重臣，善隶书，为避战乱而南渡至扬州。
孙策创业时，任命其为长史、抚军中郎将，将文武之事都委任于张昭。孙策临死前，将其弟孙权托付给张昭，张昭率群僚辅立孙权，并安抚百姓、讨伐叛军，帮助孙权稳定局势。赤壁之战时，张昭持主降论。孙权代理车骑将军时，任命张昭为军师。孙权被封为吴王后，参与撰定朝仪。敢于直谏、性格刚直。229年，孙权称帝后，张昭以年老多病为由，上还官位及所统领部属，改封娄侯。晚年时一度不参与政事，在家著书。236年，张昭去世，年八十一，谥号“文”。","字子布。三國時期孫吳重臣，善隸書，爲避戰亂而南渡至揚州。
孫策創業時，任命其爲長史、撫軍中郎將，將文武之事都委任于張昭。孫策臨死前，將其弟孫權托付給張昭，張昭率群僚輔立孫權，並安撫百姓、討伐叛軍，幫助孫權穩定局勢。赤壁之戰時，張昭持主降論。孫權代理車騎將軍時，任命張昭爲軍師。孫權被封爲吳王後，參與撰定朝儀。敢于直谏、性格剛直。229年，孫權稱帝後，張昭以年老多病爲由，上還官位及所統領部屬，改封婁侯。晚年時一度不參與政事，在家著書。236年，張昭去世，年八十一，谥號“文”。",
1083,"字子龙，常山真定人。身长八尺，姿颜雄伟，蜀汉名将，蜀汉五虎将之一。
赵云早先投公孙瓒，后因兄长去世离开，在邺城与刘备相见，从此追随刘备将近三十年。参加过博望坡之战、长坂坡之战、江南平定战，独自指挥过入川之战、汉水之战、箕谷之战，都取得了非常好的战果。除了四处征战，赵云还先后以偏将军任桂阳太守，以留营司马留守公安，以翊军将军督江州。除此，赵云在平定益州时引霍去病故事劝谏刘备将田宅归还百姓，又在关羽张飞被害之后劝谏刘备不要伐吴，被后世赞为有大臣局量的儒将。于建兴七年寿终正寝。公元261年，刘禅下令追谥赵云为顺平侯。","字子龍，常山真定人。身長八尺，姿顔雄偉，蜀漢名將，蜀漢五虎將之一。
趙雲早先投公孫瓒，後因兄長去世離開，在邺城與劉備相見，從此追隨劉備將近三十年。參加過博望坡之戰、長坂坡之戰、江南平定戰，獨自指揮過入川之戰、漢水之戰、箕谷之戰，都取得了非常好的戰果。除了四處征戰，趙雲還先後以偏將軍任桂陽太守，以留營司馬留守公安，以翊軍將軍督江州。除此，趙雲在平定益州時引霍去病故事勸谏劉備將田宅歸還百姓，又在關羽張飛被害之後勸谏劉備不要伐吳，被後世贊爲有大臣局量的儒將。于建興七年壽終正寢。公元261年，劉禅下令追谥趙雲爲順平侯。",
1084,中山无极人，甄逸的五女，曹叡之母，洛神的原型，又称甄夫人。本为袁熙之妻，曹操军攻下邺城后即被曹丕夺去。即位后追尊甄氏为文昭皇后。,中山無極人，甄逸的五女，曹叡之母，洛神的原型，又稱甄夫人。本爲袁熙之妻，曹操軍攻下邺城後即被曹丕奪去。即位後追尊甄氏爲文昭皇後。,
1085,"小说《三国演义》中的人物，关羽副将，真实历史上不存在。
形象为身材高大、黑面虬髯的关西大汉。民间传说中，周仓均以关羽护卫的形象出现，在各地的关帝庙中，关羽神像的两侧也经常供奉周仓、关平的神像。周仓初为黄巾张宝将，张宝死，同裴元绍啸聚卧牛山。仓两臂有千斤之力，多曾与元绍说关羽盛名，恨无门路相见。羽千里寻兄，先遇元绍，后见仓持枪乘马而来，仓自此相随。后元绍欲舵赵云马匹，为云所杀，仓为云连胜数次，身中三枪。仓随羽转战天下，与羽单刀赴会，引军助羽。后随征樊城，水淹七军后生擒庞德。羽兵败突围，仓守麦城，闻羽被害，自戕。","小說《三國演義》中的人物，關羽副將，真實曆史上不存在。
形象爲身材高大、黑面虬髯的關西大漢。民間傳說中，周倉均以關羽護衛的形象出現，在各地的關帝廟中，關羽神像的兩側也經常供奉周倉、關平的神像。周倉初爲黃巾張寶將，張寶死，同裴元紹嘯聚臥牛山。倉兩臂有千斤之力，多曾與元紹說關羽盛名，恨無門路相見。羽千裏尋兄，先遇元紹，後見倉持槍乘馬而來，倉自此相隨。後元紹欲舵趙雲馬匹，爲雲所殺，倉爲雲連勝數次，身中三槍。倉隨羽轉戰天下，與羽單刀赴會，引軍助羽。後隨征樊城，水淹七軍後生擒龐德。羽兵敗突圍，倉守麥城，聞羽被害，自戕。",
1086,字幼平，九江下蔡人。三国时期吴国武将，孙策平定江东时与蒋钦一起加入孙策军，随孙策左右，后孙权爱其为人，向孙策请求让周泰跟随自己。周泰多次于战乱当中保护孙权的安危，身上受的伤多达几十处，就像在皮肤上雕画一样，吴将朱然、徐盛等因此对其拜服。后来孙权为了表彰周泰为了东吴出生入死的功绩，而赐给他青罗伞盖。官至汉中太守、奋威将军，封陵阳侯。死于黄武中年，有子周邵，亦数有战功，死于黄龙二年，周邵的弟弟周承继承了兵权和爵位。,字幼平，九江下蔡人。三國時期吳國武將，孫策平定江東時與蔣欽一起加入孫策軍，隨孫策左右，後孫權愛其爲人，向孫策請求讓周泰跟隨自己。周泰多次于戰亂當中保護孫權的安危，身上受的傷多達幾十處，就像在皮膚上雕畫一樣，吳將朱然、徐盛等因此對其拜服。後來孫權爲了表彰周泰爲了東吳出生入死的功績，而賜給他青羅傘蓋。官至漢中太守、奮威將軍，封陵陽侯。死于黃武中年，有子周邵，亦數有戰功，死于黃龍二年，周邵的弟弟周承繼承了兵權和爵位。,
1087,"字公瑾，东汉末年名将，安徽庐江舒县人。洛阳令周异之子，堂祖父周景、堂叔周忠，都官至太尉。长壮有姿貌、精音律，江东有“曲有误，周郎顾”之语。
周瑜少与孙策交好，21岁起随孙策奔赴战场平定江东，后孙策遇刺身亡，孙权继任，周瑜将兵赴丧，以中护军的身份与长史张昭共掌众事。208年，周瑜率江东孙氏集团军队与刘备军队联合，赤壁之战大败曹军，由此奠定了三分天下的基础。209年，拜偏将军领南郡太守。210年病逝于巴丘，年仅36岁。正史上周瑜“性度恢廓”“实奇才也”，孙权称赞周瑜有“王佐之资”，位列唐武庙六十四将、宋武庙七十二将之一。","字公瑾，東漢末年名將，安徽廬江舒縣人。洛陽令周異之子，堂祖父周景、堂叔周忠，都官至太尉。長壯有姿貌、精音律，江東有“曲有誤，周郎顧”之語。
周瑜少與孫策交好，21歲起隨孫策奔赴戰場平定江東，後孫策遇刺身亡，孫權繼任，周瑜將兵赴喪，以中護軍的身份與長史張昭共掌衆事。208年，周瑜率江東孫氏集團軍隊與劉備軍隊聯合，赤壁之戰大敗曹軍，由此奠定了三分天下的基礎。209年，拜偏將軍領南郡太守。210年病逝于巴丘，年僅36歲。正史上周瑜“性度恢廓”“實奇才也”，孫權稱贊周瑜有“王佐之資”，位列唐武廟六十四將、宋武廟七十二將之一。",
1088,字子瑜，琅邪阳都人。三国时期吴国重臣，诸葛亮之兄，诸葛恪之父。经弘咨推荐，为东吴效力。胸怀宽广，温厚诚信，得到孙权的深深信赖，称为“神交”，并努力缓和蜀汉与东吴的关系。220年吕蒙病逝，诸葛瑾代吕蒙领南郡太守，驻守公安。孙权称帝后，诸葛瑾官至大将军，领豫州牧。,字子瑜，琅邪陽都人。三國時期吳國重臣，諸葛亮之兄，諸葛恪之父。經弘咨推薦，爲東吳效力。胸懷寬廣，溫厚誠信，得到孫權的深深信賴，稱爲“神交”，並努力緩和蜀漢與東吳的關系。220年呂蒙病逝，諸葛瑾代呂蒙領南郡太守，駐守公安。孫權稱帝後，諸葛瑾官至大將軍，領豫州牧。,
1089,"字孔明，号卧龙，徐州琅琊阳都人，蜀汉丞相，杰出的政治家、军事家、散文家、书法家、发明家、文学家。
诸葛亮一生“鞠躬尽瘁、死而后已”，是中国传统文化中忠臣与智者的代表人物。诸葛亮幼年丧父，同叔父到南阳躬耕，后追随刘备，为了刘备奠定了三分天下有其一的基础。蜀汉开国后，被封为武乡侯，对内抚百姓，示仪轨，约官职，从权制，开诚心，布公道，对外联吴抗魏，为实现光复大汉的政治理想，数次北伐，最后病逝于五丈原。刘禅追谥其为忠武侯，故后世常以武侯、诸葛武侯尊称诸葛亮。","字孔明，號臥龍，徐州琅琊陽都人，蜀漢丞相，傑出的政治家、軍事家、散文家、書法家、發明家、文學家。
諸葛亮一生“鞠躬盡瘁、死而後已”，是中國傳統文化中忠臣與智者的代表人物。諸葛亮幼年喪父，同叔父到南陽躬耕，後追隨劉備，爲了劉備奠定了三分天下有其一的基礎。蜀漢開國後，被封爲武鄉侯，對內撫百姓，示儀軌，約官職，從權制，開誠心，布公道，對外聯吳抗魏，爲實現光複大漢的政治理想，數次北伐，最後病逝于五丈原。劉禅追谥其爲忠武侯，故後世常以武侯、諸葛武侯尊稱諸葛亮。",
1090,"虚构人物，南蛮王孟获之妻，曾经生擒张嶷与马忠，后来跟随孟获一起归顺了蜀国。据传说为火神祝融氏后裔，武艺高强，善使飞刀。曾与孟获一起抵抗蜀军，在两军阵前被赵云活捉，在诸葛亮七擒七纵孟获之后，随孟获投降蜀汉。
",虚构人物，南蛮王孟获之妻，曾经生擒张嶷与马忠，后来跟随孟获一起归顺了蜀国。据传说为火神祝融氏后裔，武艺高强，善使飞刀。曾与孟获一起抵抗蜀军，在两军阵前被赵云活捉，在诸葛亮七擒七纵孟获之后，随孟获投降蜀汉。,
1091,字元放，庐江人，号乌角先生，据记载他有一只眼睛是瞎的。东汉末年著名方士，是葛玄之师，少居天柱山，研习炼丹之术。明五经，兼通星纬，明六甲，传说能役使鬼神，坐致行厨。,字元放，廬江人，號烏角先生，據記載他有一只眼睛是瞎的。東漢末年著名方士，是葛玄之師，少居天柱山，研習煉丹之術。明五經，兼通星緯，明六甲，傳說能役使鬼神，坐致行廚。,
1092,安平郡堂阳县人。与文丑一起作为袁绍军队的勇将而闻名，性格促狭。官渡之战时，在白马被关羽击败。,安平郡堂陽縣人。與文醜一起作爲袁紹軍隊的勇將而聞名，性格促狹。官渡之戰時，在白馬被關羽擊敗。,
1093,"纪念在官渡之战中，解开白马之围的关键人物关羽。
关羽在白马之战中作为前锋，从万军之中取下颜良首级，帮助曹操守住白马这一战略要地，极大地影响了袁绍军的士气。之后在延津之战中击败文丑，可以说是间接影响了官渡之战的结果。","紀念在官渡之戰中，解開白馬之圍的關鍵人物關羽。
關羽在白馬之戰中作為前鋒，從萬軍之中取下顏良首級，幫助曹操守住白馬這一戰略要地，極大地影響了袁紹軍的士氣。之後在延津之戰中擊敗文醜，可以說是間接影響了官渡之戰的結果。",
1094,"纪念汉朝时坚持汉人气节的才女蔡文姬。
公元195年，蔡文姬被匈奴左贤王掳走，在异乡忍辱负重。207年，曹操用金碧将蔡文姬赎回，在归途中，蔡文姬写下传世名曲《胡笳十八拍》。归来后被曹操嫁给董祀。
《隋书·经籍志》著录有《蔡文姬集》一卷，现已失传，只留下《悲愤诗》二首。","紀念漢朝時堅持漢人氣節的才女蔡文姬。
公元195年，蔡文姬被匈奴左賢王擄走，在異鄉忍辱負重。207年，曹操用金碧將蔡文姬贖回，在歸途中，蔡文姬寫下傳世名曲《胡笳十八拍》。歸來後被曹操嫁給董祀。
《隋書·經籍誌》著錄有《蔡文姬集》一卷，現已失傳，只留下《悲憤詩》二首。111",
1095,"纪念在赤壁之战中，用两条妙计以少胜多的周瑜。
赤壁之战前，周瑜主张联合刘备对抗曹操，孙权采纳了他的建议。
公元208年，周瑜使用苦肉计和火计大败曹操，由此奠定了“三分天下”的基础。","紀念在赤壁之戰中，用兩條妙計以少勝多的周瑜。
赤壁之戰前，周瑜主張聯合劉備對抗曹操，孫權采納了他的建議。
公元208年，周瑜使用苦肉計和火計大敗曹操，由此奠定了“三分天下”的基礎。",
1096,"纪念独自与关羽会面的鲁肃。
刘备夺取益州后，并未将荆州归还给孙权，孙刘两家关系逐渐走向冰点。此时吕蒙用计夺取了荆州三郡，关羽弃了北面的战线，向南进发。鲁肃为避免两家大战，在益阳阵前独自与关羽会面。
《吴书》记载：“肃欲与羽会语，诸将疑恐有变，议不可往。肃曰：""今日之事，宜相开譬。刘备负国，是非未决，羽亦何敢重欲干命！""乃趋就羽。”","紀念獨自與關羽會面的魯肅。
劉備奪取益州後，並未將荊州歸還給孫權，孫劉兩家關系逐漸走向冰點。此時呂蒙用計奪取了荊州三郡，關羽棄了北面的戰線，向南進發。魯肅爲避免兩家大戰，在益陽陣前獨自與關羽會面。
《吳書》記載：“肅欲與羽會語，諸將疑恐有變，議不可往。肅曰：""今日之事，宜相開譬。劉備負國，是非未決，羽亦何敢重欲幹命！""乃趨就羽。”",
1097,"纪念在汾河击败自己外甥，坚守大义的钟繇。
钟繇坐镇关中，让曹操没有西顾之忧，曹操将他的功绩与萧何相提并论。
在公元202年，钟繇与马超联手，击败了南匈奴，斩杀郭援。钟繇在见到郭援首级以后痛哭，众人方知敌将竟是钟繇的外甥，斩杀郭援的庞德向他谢罪，他却说：“郭援虽是我的外甥，但他是国贼，你何须谢罪呢？”。","紀念在汾河擊敗自己外甥，堅守大義的鍾繇。
鍾繇坐鎮關中，讓曹操沒有西顧之憂，曹操將他的功績與蕭何相提並論。
在公元202年，鍾繇與馬超聯手，擊敗了南匈奴，斬殺郭援。鍾繇在見到郭援首級以後痛哭，衆人方知敵將竟是鍾繇的外甥，斬殺郭援的龐德向他謝罪，他卻說：“郭援雖是我的外甥，但他是國賊，你何須謝罪呢？”。",
1098,"纪念在汉水之战中，以少胜多的猛将赵云。
公元209年，曹操与刘备隔着汉水对峙，准备与刘备打持久战，便将米都运到北山下，黄忠知道后，就向主将赵云提出劫粮的建议，赵云同意了，并与黄忠约定了回营的时间。但黄忠迟迟未归，赵云担心黄忠有闪失，便率几十个骑兵出去接应，正好碰上了曹操的大军，赵云杀出重围，此时赵云部将张著受伤，被曹军包围，赵云又折返回来救出张著，再次突围，曹军在其后紧追不舍。
赵云回到营寨后，大开营门，令自己的军队偃旗息鼓，曹军恐有埋伏，向后退去，此时赵云下令击鼓，以劲弩射曹操后军，曹军大乱，坠入汉水中淹死者不计其数。战后刘备在看了赵云作战的地方后不禁感叹：子龙一身都是胆也。","紀念在漢水之戰中，以少勝多的猛將趙雲。
公元209年，曹操與劉備隔著漢水對峙，准備與劉備打持久戰，便將米都運到北山下，黃忠知道後，就向主將趙雲提出劫糧的建議，趙雲同意了，並與黃忠約定了回營的時間。但黃忠遲遲未歸，趙雲擔心黃忠有閃失，便率幾十個騎兵出去接應，正好碰上了曹操的大軍，趙雲殺出重圍，此時趙雲部將張著受傷，被曹軍包圍，趙雲又折返回來救出張著，再次突圍，曹軍在其後緊追不舍。
趙雲回到營寨後，大開營門，令自己的軍隊偃旗息鼓，曹軍恐有埋伏，向後退去，此時趙雲下令擊鼓，以勁弩射曹操後軍，曹軍大亂，墜入漢水中淹死者不計其數。戰後劉備在看了趙雲作戰的地方後不禁感歎：子龍一身都是膽也。",
1099,"纪念在虎牢关前，大战刘关张的吕布。
吕布在虎牢关前迎战八路诸侯联军，未尝一败。公孙瓒亲自出战吕布，战不数合败走。吕布追之，被张飞拦住，两人大战五十回合不分胜负，关羽前来助阵，三人又大战三十回合，依旧不分胜负，刘备也持剑加入战斗，三兄弟将吕布围在中心，轮番进攻。
吕布无力击败三人，佯击刘备后回马脱身，借赤兔马的脚力回到虎牢关。此役在历史中并无记载，但也被传为佳话。","紀念在虎牢關前，大戰劉關張的呂布。
呂布在虎牢關前迎戰八路諸侯聯軍，未嘗一敗。公孫瓒親自出戰呂布，戰不數合敗走。呂布追之，被張飛攔住，兩人大戰五十回合不分勝負，關羽前來助陣，三人又大戰三十回合，依舊不分勝負，劉備也持劍加入戰鬥，三兄弟將呂布圍在中心，輪番進攻。
呂布無力擊敗三人，佯擊劉備後回馬脫身，借赤兔馬的腳力回到虎牢關。此役在曆史中並無記載，但也被傳爲佳話。",
1100,纪念在阆中镇守了七年之久的张飞。阆中是古时进入巴蜀的重要门户，阆中上可达汉中，下可达江州，可攻可守，张飞在此地镇守了七年。,紀念在阆中鎮守了七年之久的張飛。阆中是古時進入巴蜀的重要門戶，阆中上可達漢中，下可達江州，可攻可守，張飛在此地鎮守了七年。,
1101,在《淮南子》中记载，伏羲氏之女洛神嫁于河伯为妻，但河伯不贤，与水族女神私通，洛神与后羿情深。河伯与后羿大战于天庭，天帝震怒，将洛神贬落凡间..洛神转世之后，为美女甄宓。,在《淮南子》中記載，伏羲氏之女洛神嫁于河伯爲妻，但河伯不賢，與水族女神私通，洛神與後羿情深。河伯與後羿大戰于天庭，天帝震怒，將洛神貶落凡間..洛神轉世之後，爲美女甄宓。,
1102,正在施工...,正在施工…,
1103,正在施工…,正在施工…,
1104,正在施工...,正在施工…,
1105,正在施工...,正在施工…,
1106,正在施工...,正在施工…,
1107,正在施工...,正在施工…,
1108,正在施工...,正在施工…,
1109,正在施工...,正在施工…,
1110,正在施工...,正在施工…,
1111,正在施工...,正在施工…,
1112,正在施工...,正在施工…,
2001,铜卡:吕布,銅卡:呂布,
2002,银卡:吕布,銀卡:呂布,
2003,金卡!吕布,金卡!呂布,
2004,铜卡:赵云,銅卡:趙雲,
2005,银卡:赵云,銀卡:趙雲,
2006,金卡!赵云,金卡!趙雲,
2007,铜卡:典韦,銅卡:典韋,
2008,银卡:典韦,銀卡:典韋,
2009,金卡!典韦,金卡!典韋,
2010,铜卡:关羽,銅卡:關羽,
2011,银卡:关羽,銀卡:關羽,
2012,金卡!关羽,金卡!關羽,
2013,铜卡:颜良,銅卡:顔良,
2014,银卡:颜良,銀卡:顔良,
2015,金卡!颜良,金卡!顔良,
2016,铜卡:文丑,銅卡:文醜,
2017,银卡:文丑,銀卡:文醜,
2018,金卡!文丑,金卡!文醜,
2019,铜卡:马超,銅卡:馬超,
2020,银卡:马超,銀卡:馬超,
2021,金卡!马超,金卡!馬超,
2022,铜卡:张飞,銅卡:張飛,
2023,银卡:张飞,銀卡:張飛,
2024,金卡!张飞,金卡!張飛,
2025,铜卡:黄忠,銅卡:黃忠,
2026,银卡:黄忠,銀卡:黃忠,
2027,金卡!黄忠,金卡!黃忠,
2028,铜卡:许褚,銅卡:許褚,
2029,银卡:许褚,銀卡:許褚,
2030,金卡!许褚,金卡!許褚,
2031,铜卡:姜维,銅卡:姜維,
2032,银卡:姜维,銀卡:姜維,
2033,金卡!姜维,金卡!姜維,
2034,铜卡:曹操,銅卡:曹操,
2035,银卡:曹操,銀卡:曹操,
2036,金卡!曹操,金卡!曹操,
2037,铜卡:刘备,銅卡:劉備,
2038,银卡:刘备,銀卡:劉備,
2039,金卡!刘备,金卡!劉備,
2040,铜卡:诸葛亮,銅卡:諸葛亮,
2041,银卡:诸葛亮,銀卡:諸葛亮,
2042,金卡!诸葛亮,金卡!諸葛亮,
2043,铜卡:貂蝉,銅卡:貂蟬,
2044,银卡:貂蝉,銀卡:貂蟬,
2045,金卡:貂蝉,金卡!貂蟬,
2046,新伙伴!,新夥伴!,
2047,高朋满座,高朋滿座,
2048,胜友如云,勝友如雲,
2049,"""头头""是道","""頭頭""是道",
2050,全副武装,全副武裝,
2051,神兵收藏家,神兵收藏家,
2052,腰缠万贯,腰纏萬貫,
2053,百晓生,百曉生,
2054,闭月,閉月,
2055,煮酒论英雄,煮酒論英雄,
2056,"""真神人也""",“真神人也”,
2057,三顾茅庐,三顧茅廬,
2058,桃园结义,桃園結義,
2059,"""独号泣典韦也""","""獨號泣典韋也""",
2060,"""姜""没有老的辣",“姜”沒有老的辣,
2061,插标卖首,插標賣首,
2062,裸衣之斗,裸衣之鬥,
2063,天下无双,天下無雙,
2064,常胜将军,常勝將軍,
2065,古之恶来,古之惡來,
2066,美髯公,美髯公,
2067,河北上将,河北上將,
2068,神威天将军,神威天將軍,
2069,当阳大喝,當陽大喝,
2070,老当益壮,老當益壯,
2071,虎痴,虎癡,
2072,麒麟儿,麒麟兒,
2073,乱世枭雄,亂世梟雄,
2074,昭烈皇帝,昭烈皇帝,
2075,卧龙,臥龍,
2076,渐入佳境,漸入佳境,
2077,势如破竹,勢如破竹,
2078,稳操胜券,穩操勝券,
2079,攻无不克,攻無不克,
2080,所向披靡,所向披靡,
2081,百战百胜,百戰百勝,
2082,旗开得胜,旗開得勝,
2083,初出茅庐,初出茅廬,
2084,熟能生巧,熟能生巧,
2085,登堂入室,登堂入室,
2086,炉火纯青,爐火純青,
2087,咫尺之遥,咫尺之遙,
2088,登峰造极!,登峰造極!,
2089,谢谢你!,謝謝你!,
2090,身经百战,身經百戰,
2091,无尽10,無盡10,
2092,无尽30,無盡30,
2093,无尽50,無盡50,
2094,无尽60,無盡60,
2095,无尽70,無盡70,
2096,无尽新人,無盡新人,
2097,无尽老手,無盡老手,
2098,无尽高手,無盡高手,
2099,无尽达人,無盡達人,
3001,获得吕布头像5次,獲得呂布頭像5次,
3002,获得吕布头像10次,獲得呂布頭像10次,
3003,获得吕布头像20次,獲得呂布頭像20次,
3004,获得赵云头像5次,獲得趙雲頭像5次,
3005,获得赵云头像10次,獲得趙雲頭像10次,
3006,获得赵云头像20次,獲得趙雲頭像20次,
3007,获得典韦头像5次,獲得典韋頭像5次,
3008,获得典韦头像10次,獲得典韋頭像10次,
3009,获得典韦头像20次,獲得典韋頭像20次,
3010,获得关羽头像5次,獲得關羽頭像5次,
3011,获得关羽头像10次,獲得關羽頭像10次,
3012,获得关羽头像20次,獲得關羽頭像20次,
3013,获得颜良头像5次,獲得顔良頭像5次,
3014,获得颜良头像10次,獲得顔良頭像10次,
3015,获得颜良头像20次,獲得顔良頭像20次,
3016,获得文丑头像5次,獲得文醜頭像5次,
3017,获得文丑头像10次,獲得文醜頭像10次,
3018,获得文丑头像20次,獲得文醜頭像20次,
3019,获得马超头像5次,獲得馬超頭像5次,
3020,获得马超头像10次,獲得馬超頭像10次,
3021,获得马超头像20次,獲得馬超頭像20次,
3022,获得张飞头像5次,獲得張飛頭像5次,
3023,获得张飞头像10次,獲得張飛頭像10次,
3024,获得张飞头像20次,獲得張飛頭像20次,
3025,获得黄忠头像5次,獲得黃忠頭像5次,
3026,获得黄忠头像10次,獲得黃忠頭像10次,
3027,获得黄忠头像20次,獲得黃忠頭像20次,
3028,获得许褚头像5次,獲得許褚頭像5次,
3029,获得许褚头像10次,獲得許褚頭像10次,
3030,获得许褚头像20次,獲得許褚頭像20次,
3031,获得姜维头像5次,獲得姜維頭像5次,
3032,获得姜维头像10次,獲得姜維頭像10次,
3033,获得姜维头像20次,獲得姜維頭像20次,
3034,获得曹操头像5次,獲得曹操頭像5次,
3035,获得曹操头像10次,獲得曹操頭像10次,
3036,获得曹操头像20次,獲得曹操頭像20次,
3037,获得刘备头像5次,獲得劉備頭像5次,
3038,获得刘备头像10次,獲得劉備頭像10次,
3039,获得刘备头像20次,獲得劉備頭像20次,
3040,获得诸葛亮头像5次,獲得諸葛亮頭像5次,
3041,获得诸葛亮头像10次,獲得諸葛亮頭像10次,
3042,获得诸葛亮头像20次,獲得諸葛亮頭像20次,
3043,获得貂蝉头像5次,獲得貂蟬頭像5次,
3044,获得貂蝉头像10次,獲得貂蟬頭像10次,
3045,获得貂蝉头像20次,獲得貂蟬頭像20次,
3046,首次获得英灵,首次獲得英靈,
3047,获得10次英灵,獲得10次英靈,
3048,获得所有英灵,獲得所有英靈,
3049,获得所有头像,獲得所有頭像,
3050,获得一个武将的所有神兵,獲得一個武將的所有神兵,
3051,获得所有的神兵,獲得所有神兵,
3052,累计获得10000金币,獲得纍計10000金幣,
3053,解锁图鉴的所有内容,解鎖圖鑒的所有内容,
3054,使用貂蝉战胜对手100次,使用貂蟬戰勝對手100次,
3055,刘备与曹操同时在手牌中10次,劉備與曹操同時在手牌中10次,
3056,曹操在手牌时，使用关羽战胜颜良或文丑1次,曹操在手牌時，使用關羽戰勝顔良或文醜1次,
3057,使用刘备战胜诸葛亮3次,使用劉備戰勝諸葛亮3次,
3058,手牌中同时拥有刘备、关羽、张飞10次,手牌中同時擁有劉備、關羽、張飛10次,
3059,曹操在手牌时，使用典韦输给对方10次,曹操在手牌中時，使用典韋輸給對方10次,
3060,使用诸葛亮战胜姜维10次,使用諸葛亮戰勝姜維10次,
3061,使用关羽战胜颜良10次,使用關羽戰勝顔良10次,
3062,马超与许褚对战20次(不计胜负),馬超與許褚對戰20次(不計勝負),
3063,使用吕布战胜对手100次,使用呂布戰勝對手100次,
3064,使用赵云战胜对手100次,使用趙雲戰勝對手100次,
3065,使用典韦战胜对手100次,使用典韋戰勝對手100次,
3066,使用关羽战胜对手100次,使用關羽戰勝對手100次,
3067,使用颜良和文丑战胜对手100次,使用顔良和文醜戰勝對手100次,
3068,使用马超战胜对手100次,使用馬超戰勝對手100次,
3069,使用张飞战胜对手100次,使用張飛戰勝對手100次,
3070,使用黄忠战胜对手100次,使用黃忠戰勝對手100次,
3071,使用许褚战胜对手100次,使用許褚戰勝對手100次,
3072,使用姜维战胜对手100次,使用姜維戰勝對手100次,
3073,使用曹操战胜对手100次,使用曹操戰勝對手100次,
3074,使用刘备战胜对手100次,使用劉備戰勝對手100次,
3075,使用诸葛亮战胜对手100次,使用諸葛亮戰勝對手100次,
3076,在暗牌挑战获得1次10连胜,在暗牌挑戰獲得1次10連勝,
3077,在暗牌挑战获得3次10连胜,在暗牌挑戰獲得3次10連勝,
3078,在暗牌挑战获得5次10连胜,在暗牌挑戰獲得5次10連勝,
3079,在暗牌挑战获得1次20连胜,在暗牌挑戰獲得1次20連勝,
3080,在暗牌挑战获得3次20连胜,在暗牌挑戰獲得3次20連勝,
3081,在暗牌挑战获得5次20连胜,在暗牌挑戰獲得5次20連勝,
3082,首次获得胜利,首次獲得勝利,
3083,账号等级达到3级,賬號等級達到3級,
3084,账号等级达到10级,賬號等級達到10級,
3085,账号等级达到20级,賬號等級達到20級,
3086,账号等级达到40级,賬號等級達到40級,
3087,账号等级达到49级,賬號等級達到49級,
3088,账号等级达到50级,賬號等級達到50級,
3089,感谢账号达到满级的忠实玩家,感謝賬號達到滿級的忠實玩家,
3090,明牌暗牌挑战局数累计100局,明牌暗牌挑戰局數纍計100局,
3091,通过无尽模式第10层,通過無盡模式第10層,
3092,通过无尽模式第30层,通過無盡模式第30層,
3093,通过无尽模式第50层,通過無盡模式第50層,
3094,通过无尽模式第60层,通過無盡模式第60層,
3095,通过无尽模式第70层,通過無盡模式第70層,
3096,游玩无尽模式10次,遊玩無盡模式10次,
3097,游玩无尽模式50次,遊玩無盡模式50次,
3098,游玩无尽模式100次,遊玩無盡模式100次,
3099,游玩无尽模式300次,遊玩無盡模式300次,
4001,步练师,步練師,
4002,蔡琰,蔡琰,
4003,曹操,曹操,
4004,曹丕,曹丕,
4005,曹彰,曹彰,
4006,陈群,陳群,
4007,程普,程普,
4008,程昱,程昱,
4009,大乔,大喬,
4010,邓艾,鄧艾,
4011,典韦,典韋,
4012,貂蝉,貂蟬,
4013,董卓,董卓,
4014,法正,法正,
4015,甘宁,甘寧,
4016,高顺,高順,
4017,公孙瓒,公孫瓚,
4018,关凤,關鳳,
4019,关平,關平,
4020,关羽,關羽,
4021,郭嘉,郭嘉,
4022,郭女王,郭女王,
4023,韩当,韓當,
4024,韩遂,韓遂,
4025,汉献帝,漢獻帝,
4026,华佗,華佗,
4027,华雄,華雄,
4028,黄盖,黃蓋,
4029,黄月英,黃月英,
4030,黄忠,黃忠,
4031,贾诩,賈詡,
4032,姜维,姜維,
4033,刘备,劉備,
4034,鲁肃,魯肅,
4035,陆逊,陸遜,
4036,吕布,呂布,
4037,吕灵雎,呂靈雎,
4038,吕蒙,呂蒙,
4039,马超,馬超,
4040,马良,馬良,
4041,马腾,馬騰,
4042,马云禄,馬雲祿,
4043,孟获,孟獲,
4044,祢衡,祢衡,
4045,糜贞,糜貞,
4046,糜竺,糜竺,
4047,南华老仙,南華老仙,
4048,庞德,龐德,
4049,庞统,龐統,
4050,沙摩柯,沙摩柯,
4051,司马徽,司馬徽,
4052,司马懿,司馬懿,
4053,孙策,孫策,
4054,孙坚,孫堅,
4055,孙权,孫權,
4056,孙尚香,孫尚香,
4057,太史慈,太史慈,
4058,田丰,田豐,
4059,王元姬,王元姬,
4060,魏延,魏延,
4061,兀突骨,兀突骨,
4062,夏侯惇,夏侯惇,
4063,夏侯渊,夏侯淵,
4064,小乔,小喬,
4065,徐晃,徐晃,
4066,徐庶,徐庶,
4067,许褚,許褚,
4068,荀彧,荀彧,
4069,严颜,嚴顔,
4070,文丑,文醜,
4071,婴儿,嬰兒,
4072,于吉,于吉,
4073,于禁,于禁,
4074,袁绍,袁紹,
4075,袁术,袁術,
4076,张春华,張春華,
4077,张飞,張飛,
4078,张郃,張郃,
4079,张角,張角,
4080,张辽,張遼,
4081,张松,張松,
4082,张昭,張昭,
4083,赵云,趙雲,
4084,甄宓,甄宓,
4085,周仓,周倉,
4086,周泰,周泰,
4087,周瑜,周瑜,
4088,诸葛瑾,諸葛瑾,
4089,诸葛亮,諸葛亮,
4090,祝融,祝融,
4091,左慈,左慈,
4092,颜良,顔良,
4093,白马关羽,白馬關羽,
4094,蔡文姬,蔡文姬,
4095,赤壁周瑜,赤壁周瑜,
4096,单刀鲁肃,單刀魯肅,
4097,关西钟繇,關西鍾繇,
4098,汉水赵云,漢水趙雲,
4099,虎牢吕布,虎牢呂布,
4100,阆中张飞,阆中張飛,
4101,洛神甄姬,洛神甄姬,
4102,美人貂蝉,美人貂蟬,
4103,七星诸葛,七星諸葛,
4104,石亭贾逵,石亭賈逵,
4105,洮西姜维,洮西姜維,
4106,托孤张昭,托孤張昭,
4107,西城诸葛亮,西城諸葛亮,
4108,逍遥津张辽,逍遙津張遼,
4109,易城郭嘉,易城郭嘉,
4110,长坂赵云,長坂趙雲,
4111,镇西邓艾,鎮西鄧艾,
4112,征南羊祜,征南羊祜,
4113,八荒火龙方天戟,八荒火龍方天戟,
4114,兽面吞头连环铠,獸面吞頭連環铠,
4115,嘶风赤兔胭脂兽,嘶風赤兔胭脂獸,
4116,三叉束发紫金冠,三叉束發紫金冠,
4117,豪龙无双偃月刀,豪龍無雙偃月刀,
4118,无双龙鳞筩袖铠 ,無雙龍鱗筩袖铠,
4119,照夜玉兰白龙驹,照夜玉蘭白龍駒,
4120,章武金牛八剑,章武金牛八劍,
4121,追龙逐虎戟,追龍逐虎戟,
4122,黄金赤虎铠,黃金赤虎铠,
4123,青焰黑风驹,青焰黑風駒,
4124,飞火紫沙盔,飛火紫沙盔,
4125,青龙偃月冷艳锯,青龍偃月冷豔鋸,
4126,绿锦袍披镶金甲,綠錦袍披鑲金甲,
4127,嘶风赤兔汗血驹,嘶風赤兔汗血駒,
4128,金丝绿纱披肩帽,金絲綠紗披肩帽,
4129,金丝曲瘤歃血刀,金絲曲瘤歃血刀,
4130,雁翎白银披风铠,雁翎白銀披風铠,
4131,幽明气运绝影马,幽明气运绝影马,
4132,红袍玉带锦衣裘,紅袍玉帶錦衣裘,
4133,惊龙斩马刀,驚龍斬馬刀,
4134,豪龙赤麟甲,豪龍赤麟甲,
4135,乌骓一点白,烏骓一點白,
4136,青纹紫王剑,青紋紫王劍,
4137,五钩神飞亮银枪,五鈎神飛亮銀槍,
4138,白狼傲踏明光铠,白狼傲踏明光铠,
4139,粉淀玉龙里飞沙,粉澱玉龍裏飛沙,
4140,照月白银狮头盔,照月白銀獅頭盔,
4141,破军丈八灵蛇矛,破軍丈八靈蛇矛,
4142,鎏金黑耀鱼鳞铠,鎏金黑耀魚鱗铠,
4143,乌云踏雪马,烏雲踏雪馬,
4144,赤朱新亭刀,赤朱新亭刀,
4145,赤血黄龙斩,赤血黃龍斬,
4146,黄金烈焰锁子甲,黃金烈焰鎖子甲,
4147,荆襄白玉驹,荊襄白玉駒,
4148,金龙宝雕弓,金龍寶雕弓,
4149,青阳血魄惊魂刀,青陽血魄驚魂刀,
4150,金边映月黑光铠,金邊映月黑光铠,
4151,风旋电掣逸尘马,風旋電掣逸塵馬,
4152,神勇护身烈毛毡,神勇護身烈毛氈,
4153,寒光天燮绿沉枪,寒光天燮綠沈槍,
4154,百叶黄金麒麟甲,百葉黃金麒麟甲,
4155,雷鸣闪电追风驹,雷鳴閃電追風駒,
4156,青面黄金十字盔,青面黃金十字盔,
4157,碧玉青虹剑,碧玉青虹劍,
4158,傲气紫龙袍,傲氣紫龍袍,
4159,绝影无双驹,絕影無雙駒,
4160,神梦金虎符,神夢金虎符,
4161,落雁鸳鸯双股剑,落雁鴛鴦雙股劍,
4162,情义无双青鸾衫,情義無雙青鸾衫,
4163,逍遥玲珑黄骠马,逍遙玲珑黃骠馬,
4164,紫气东来碧玉玺,紫氣東來碧玉玺,
4165,北斗七星风雷剑,北鬥七星風雷劍,
4166,七星锦绣云鹤氅,七星錦繡雲鶴氅,
4167,机关四轮素车,機關四輪素車,
4168,奇门遁甲八阵图,奇門遁甲八陣圖,
4169,三股七弦琴,三股七弦琴,
4170,风雪翻毛藏红袍,風雪翻毛藏紅袍,
4171,六龙玉鸾驾云车,六龍玉鸾駕雲車,
4172,瑶金翡翠明珠冠,瑤金翡翠明珠冠,
